name,category,mention_count_in_titles,first_seen_date,last_seen_date,ministry_of_latest_mention,sample_title,sample_url
Vastu Housing Finance Corporation Limited,Financial/Advisory,3,2024-08-07,2025-04-08,Competition Commission of India,"CCI approves the proposed acquisition of shareholding in Vastu Housing Finance Corporation Limited, APAC Financial Services Limited, and Quantiphi, Inc by Multiples Plenty Private Equity GIFT Fund",https://pib.gov.in/PressReleasePage.aspx?PRID=2120190
Edelweiss Securities Limited,Financial/Advisory,2,2019-10-16,2019-12-13,Competition Commission of India,CCI approves Sanaka Growth SPV I Limited investment in Edelweiss Securities Limited,https://pib.gov.in/PressReleasePage.aspx?PRID=1596409
Hero FinCorp Limited,Financial/Advisory,2,2020-03-11,2022-04-04,Competition Commission of India,CCI approves acquisition of certain compulsorily convertible preference shares of Hero FinCorp Limited by AHVF II Holdings Singapore II Pte. Ltd.,https://pib.gov.in/PressReleasePage.aspx?PRID=1813387
HDFC Capital Advisors Limited,Financial/Advisory,1,2025-07-31,2025-07-31,Ministry of Commerce & Industry,DPIIT signs MoU with HDFC Capital Advisors Limited to boost innovation in affordable housing and PropTech sectors,https://pib.gov.in/PressReleasePage.aspx?PRID=2150788
Primus Partners Pvt,Financial/Advisory,1,2025-10-23,2025-10-23,Ministry of Commerce & Industry,DPIIT signs MoU with Primus Partners Pvt. Ltd. to strengthen the startup ecosystem,https://pib.gov.in/PressReleasePage.aspx?PRID=2181809
Rukam Capital,Financial/Advisory,1,2025-02-13,2025-02-13,Ministry of Commerce & Industry,DPIIT partners with Rukam Capital and Bootstrap Incubation to boost India’s startup ecosystem,https://pib.gov.in/PressReleasePage.aspx?PRID=2102758
Bootstrap Incubation,Financial/Advisory,1,2025-02-13,2025-02-13,Ministry of Commerce & Industry,DPIIT partners with Rukam Capital and Bootstrap Incubation to boost India’s startup ecosystem,https://pib.gov.in/PressReleasePage.aspx?PRID=2102758
Thermo Fisher Scientific,Financial/Advisory,1,2025-10-01,2025-10-01,Ministry of Commerce & Industry,DPIIT and Thermo Fisher Scientific Sign MoU to Strengthen India’s Biotech Startup Ecosystem,https://pib.gov.in/PressReleasePage.aspx?PRID=2173540
Shell India,Foreign/Global,3,2021-01-19,2026-08-20,Ministry of Commerce & Industry,DPIIT Signs MoUs with PhonePe and Shell India to Strengthen Startup Ecosystem and Drive Innovation,https://pib.gov.in/PressReleasePage.aspx?PRID=2301601
Tech Data Corporation,Foreign/Global,2,2020-04-30,2021-07-01,Competition Commission of India,CCI approves merger of Tech Data Corporation with SYNNEX Corporation,https://pib.gov.in/PressReleasePage.aspx?PRID=1731854
International Flavors & Fragrances,Foreign/Global,2,2020-09-19,2025-03-05,Competition Commission of India,CCI approves the proposed combination involving acquisition of pharma solution segment and product lines of Nourish segment of International Flavors & Fragrances Inc.(IFF) by Roquette Frères S.A.(Roquette),https://pib.gov.in/PressReleasePage.aspx?PRID=2108312
MosChip and Socionext,Foreign/Global,1,2024-07-01,2024-07-01,Ministry of Electronics & IT,C-DAC partners with MosChip and Socionext for design & development of High Performance Computing Processor AUM based on Arm architecture,https://pib.gov.in/PressReleasePage.aspx?PRID=2030068
NTPC,PSU/CPSE,234,2017-03-17,2026-09-03,Ministry of Power,NTPC Electron Quiz 2026–27 to be Held in Mumbai on September 17,https://pib.gov.in/PressReleasePage.aspx?PRID=2306321
NMDC,PSU/CPSE,106,2017-12-08,2026-07-18,Ministry of Steel,"Shri Vivek Nishant Nath takes charge as Director (Commercial), NMDC",https://pib.gov.in/PressReleasePage.aspx?PRID=2286145
Coal India,PSU/CPSE,97,2017-09-15,2026-09-06,Ministry of Coal,Coal India Output and Dispatch Set to Accelerate as Monsoon Effect Wanes,https://pib.gov.in/PressReleasePage.aspx?PRID=2306938
NHPC,PSU/CPSE,90,2017-07-31,2025-12-11,Ministry of Power,Eight Projects with 8514 MW Capacity Under Construction by NHPC,https://pib.gov.in/PressReleasePage.aspx?PRID=2202455
REC Limited,PSU/CPSE,24,2020-05-26,2024-07-25,Ministry of Power,Union Minister Shri Manohar Lal inaugurates National Feeder Monitoring System Control Centre at REC Limited on it’s 55th Foundation Day,https://pib.gov.in/PressReleasePage.aspx?PRID=2037222
NLC India,PSU/CPSE,20,2017-10-25,2026-03-09,Ministry of Coal,Transforming Mined Landscapes: NLC India Limited’s Journey in Sustainable Mine Restoration,https://pib.gov.in/PressReleasePage.aspx?PRID=2236959
Cochin Shipyard,PSU/CPSE,20,2017-07-18,2025-09-23,"Ministry of Ports, Shipping and Waterways",Cochin Shipyard moves Towards Atmanirbhar Bharat ; Signs MoU with HD Korea for Long-Term Shipbuilding Collaboration,https://pib.gov.in/PressReleasePage.aspx?PRID=2170036
GAIL,PSU/CPSE,16,2018-08-27,2024-08-06,Ministry of Coal,CIL &GAIL Sign a JV for Setting up Coal to SNG Plant,https://pib.gov.in/PressReleasePage.aspx?PRID=2042019
Hindustan Copper,PSU/CPSE,14,2017-08-03,2026-07-01,Ministry of Mines,Shri Anupam Misra takes over as Chairman & Managing Director of Hindustan Copper Limited,https://pib.gov.in/PressReleasePage.aspx?PRID=2280136
NTPC Green Energy,PSU/CPSE,13,2023-01-04,2024-02-28,Ministry of Power,NTPC Green Energy Limited joins hands with MAHAGENCO for development of Renewable Energy Parks in Maharashtra,https://pib.gov.in/PressReleasePage.aspx?PRID=2009871
South Eastern Coalfields,PSU/CPSE,12,2023-07-11,2025-07-01,Ministry of Coal,Union Minister of State for Coal & Mines Shri Satish Chandra Dubey Visits South Eastern Coalfields Limited,https://pib.gov.in/PressReleasePage.aspx?PRID=2141309
Mahanadi Coalfields,PSU/CPSE,11,2021-08-31,2024-02-02,Ministry of Coal,Prime Minister to Inaugurate Several Projects of Mahanadi Coalfields Limited under the Ministry of Coal,https://pib.gov.in/PressReleasePage.aspx?PRID=2001864
Bharat Electronics,PSU/CPSE,10,2018-07-19,2025-02-20,Ministry of Defence,Ministry of Defence inks a contract worth ₹1220.12 Cr with Bharat Electronics Limited for procurement of 149 Software Defined Radios for Indian Coast Guard,https://pib.gov.in/PressReleasePage.aspx?PRID=2104928
National Cooperative Development Corporation,PSU/CPSE,10,2019-02-27,2025-11-19,Ministry of Cooperation,Union Home and Cooperation Minister Shri Amit Shah addressed the 92nd General Council Meeting of the National Cooperative Development Corporation (NCDC) in New Delhi,https://pib.gov.in/PressReleasePage.aspx?PRID=2191892
Solar Energy Corporation of India,PSU/CPSE,9,2022-11-11,2024-08-30,Ministry of New and Renewable Energy,Solar Energy Corporation of India Ltd (SECI) attains Navratna Status,https://pib.gov.in/PressReleasePage.aspx?PRID=2050232
Power Finance Corporation,PSU/CPSE,8,2018-12-06,2024-09-27,Ministry of Power,Power Finance Corporation Ltd. Undertakes Series of Swachhata Initiatives in New Delhi,https://pib.gov.in/PressReleasePage.aspx?PRID=2059387
National Fertilizers,PSU/CPSE,8,2017-07-27,2020-09-13,Ministry of Chemicals and Fertilizers,Union Minister Shri Mansukh Mandaviya visits National Fertilizers Limited Nangal ( Punjab) Plant,https://pib.gov.in/PressReleasePage.aspx?PRID=1653794
Talcher Fertilizers,PSU/CPSE,8,2018-09-19,2022-08-16,Ministry of Chemicals and Fertilizers,"Dr. Mansukh Mandaviya, Minister of Chemicals and Fertilizers reviews progress of Hindustan Urvarak & Rasayan Limited (HURL)-Sindri and Barauni projects and progress of Talcher Fertilizers Ltd. (TFL), country’s first urea...",https://pib.gov.in/PressReleasePage.aspx?PRID=1852295
Telecommunications Consultants India,PSU/CPSE,8,2017-11-16,2025-10-14,Ministry of Communications,Telecommunications Consultants India Limited (TCIL) Honored with HR Excellence Award at The Fortune Leadership Awards 2025,https://pib.gov.in/PressReleasePage.aspx?PRID=2178741
NTPC Renewable Energy,PSU/CPSE,7,2022-07-02,2025-07-16,Ministry of Power,Cabinet approves enhanced delegation of power to NTPC Ltd for investing in NTPC Renewable Energy Ltd. and its other JVs/ subsidiaries to set up Renewable Energy Capacity,https://pib.gov.in/PressReleasePage.aspx?PRID=2145151
RailTel,PSU/CPSE,7,2019-09-27,2026-02-16,Ministry of Electronics & IT,RailTel Successfully Curates AI Healthcare Panel Discussions at AI Impact Summit 2026,https://pib.gov.in/PressReleasePage.aspx?PRID=2228887
MMTC,PSU/CPSE,7,2018-04-25,2024-04-16,Competition Commission of India,CCI approves acquisition of stake in PAMP Technologies (India) Private Limited and MMTC PAMP India Private Limited by PAMP Ventures SA,https://pib.gov.in/PressReleasePage.aspx?PRID=2018076
National Research Development Corporation,PSU/CPSE,7,2021-10-18,2025-07-31,Ministry of Science & Technology,National Research Development Corporation (NRDC) and Doon University Forge Strategic Partnership to Drive Innovation and Commercialization,https://pib.gov.in/PressReleasePage.aspx?PRID=2150609
Steel Authority of India,PSU/CPSE,6,2022-08-08,2024-09-26,Ministry of Steel,Steel Authority of India Limited (SAIL) conducted its 52nd Annual General Meeting,https://pib.gov.in/PressReleasePage.aspx?PRID=2058939
Rashtriya Ispat Nigam,PSU/CPSE,6,2021-09-15,2026-06-08,Ministry of Steel,Fire accident at Vishakhapatnam Steel Plant (VSP) under Rashtriya Ispat Nigam Limited (RINL),https://pib.gov.in/PressReleasePage.aspx?PRID=2270473
RITES,PSU/CPSE,6,2017-08-28,2026-02-02,Ministry of Steel,SAIL and RITES Sign MoU for diesel locomotive leasing and maintenance,https://pib.gov.in/PressReleasePage.aspx?PRID=2222175
Mazagon Dock Shipbuilders,PSU/CPSE,6,2019-09-19,2024-05-31,Ministry of Defence,"Steel-cutting ceremony for first Next-Generation Offshore Patrol Vessel of ICG held at Mazagon Dock Shipbuilders Limited, Mumbai",https://pib.gov.in/PressReleasePage.aspx?PRID=2022343
Central Warehousing Corporation,PSU/CPSE,6,2019-06-10,2026-03-02,"Ministry of Consumer Affairs, Food & Public Distribution",Central Warehousing Corporation Celebrates its 70th Foundation Day,https://pib.gov.in/PressReleasePage.aspx?PRID=2234650
Indian Renewable Energy Development Agency,PSU/CPSE,6,2017-06-07,2023-03-17,Ministry of Finance,Cabinet approves listing of Indian Renewable Energy Development Agency Limited on stock exchanges through an Initial Public Offer by part-sale of Government’s stake in it and to raise funds through issue of fresh equity ...,https://pib.gov.in/PressReleasePage.aspx?PRID=1908117
Numaligarh Refinery,PSU/CPSE,6,2021-10-22,2024-01-31,Ministry of Power,NTPC and Oil India Limited’s Numaligarh Refinery Limited to build strategic partnership in Green Chemicals and Green Projects,https://pib.gov.in/PressReleasePage.aspx?PRID=2000826
Dredging Corporation,PSU/CPSE,6,2017-07-27,2022-03-17,"Ministry of Ports, Shipping and Waterways",Dredging Corporation of India inks Historic Ship Building Agreement for the First Make in India Project for Construction of First Beagle Series 12 Trailing Suction Hopper Dredger at Cochin Shipyard Limited,https://pib.gov.in/PressReleasePage.aspx?PRID=1806973
Kamarajar Port,PSU/CPSE,6,2017-06-09,2026-07-07,"Ministry of Ports, Shipping and Waterways","Kamarajar Port Becomes India's Second Major Port with 18-Metre Draft Capability, Boosting India’s Maritime Competitiveness",https://pib.gov.in/PressReleasePage.aspx?PRID=2282243
National Mineral Development Corporation,PSU/CPSE,6,2018-01-10,2022-03-14,Ministry of Steel,Production of Iron Ore by National Mineral Development Corporation Ltd.,https://pib.gov.in/PressReleasePage.aspx?PRID=1805752
Power Grid Corporation,PSU/CPSE,5,2020-09-08,2024-10-15,Ministry of Power,RECPDCL hands Over Rajasthan-IV H-1 Power Transmission Limited to M/s Power Grid Corporation of India Limited,https://pib.gov.in/PressReleasePage.aspx?PRID=2065015
New Space India,PSU/CPSE,5,2019-07-05,2022-07-20,Department of Space,"Union Minister Dr Jitendra Singh says, 10 (Ten) in-orbit operational communication satellites have been transferred from Government of India to M/s. New Space India Ltd (NSIL), a CPSE under Department of Space",https://pib.gov.in/PressReleasePage.aspx?PRID=1843088
Damodar Valley Corporation,PSU/CPSE,5,2023-08-26,2026-01-15,Ministry of Coal,"Ministry of Coal Executes Agreements for Three Commercial Coal Blocks with Damodar Valley Corporation, Advancing India’s Energy Security and Employment Goals",https://pib.gov.in/PressReleasePage.aspx?PRID=2214924
National Asset Reconstruction Company,PSU/CPSE,5,2021-09-15,2026-04-30,Ministry of Finance,"National Asset Reconstruction Company Limited (NARCL) Strengthens India’s Stressed Asset Resolution Framework, Accelerates Recoveries in FY 2025–26",https://pib.gov.in/PressReleasePage.aspx?PRID=2256984
North Eastern Development Finance Corporation,PSU/CPSE,5,2020-03-05,2024-01-01,Ministry of Development of North-East Region,North Eastern Development Finance Corporation Ltd sanctions ₹766.47 crores and disburses ₹547.11 crores for 5338 project in NE Region,https://pib.gov.in/PressReleasePage.aspx?PRID=1992113
ITI Limited,PSU/CPSE,4,2018-03-21,2022-07-01,Ministry of Communications,Department of Telecommunications signs agreement with ITI Limited and BSNL to fund pilot projects under Universal Service Obligation Fund (USOF),https://pib.gov.in/PressReleasePage.aspx?PRID=1838558
Rail Vikas Nigam,PSU/CPSE,4,2018-05-21,2024-01-03,Ministry of Power,"REC Limited signs MoU with Rail Vikas Nigam Limited, to Finance Multi-Modal Infrastructure Projects up to Rs. 35,000 crores over next 5 Years",https://pib.gov.in/PressReleasePage.aspx?PRID=1992631
Northern Coalfields,PSU/CPSE,4,2020-02-07,2023-01-10,Ministry of Coal,Northern Coalfields Limited to Produce M-Sand from Overburden,https://pib.gov.in/PressReleasePage.aspx?PRID=1889973
Western Coalfields,PSU/CPSE,4,2020-06-06,2025-11-28,Ministry of Mines,Western Coalfields Limited’s contribution is crucial in meeting the nation’s coal requirements – MoS Coal & Mines Satish Chandra Dubey,https://pib.gov.in/PressReleasePage.aspx?PRID=2195786
ONGC Videsh,PSU/CPSE,4,2020-06-24,2022-06-23,Ministry of Petroleum & Natural Gas,ONGC Videsh announces new discovery in Colombia,https://pib.gov.in/PressReleasePage.aspx?PRID=1836542
Hindustan Urvarak and Rasayan,PSU/CPSE,4,2018-08-01,2022-03-22,Ministry of Chemicals and Fertilizers,Cabinet approves extension of applicability of New Investment Policy-2012 for three units of Hindustan Urvarak and Rasayan Limited,https://pib.gov.in/PressReleasePage.aspx?PRID=1808127
Brahmaputra Valley Fertilizer Corporation,PSU/CPSE,4,2021-02-10,2025-03-19,Ministry of Chemicals and Fertilizers,"Cabinet approves setting up of a new Brownfield Ammonia-Urea Complex Namrup IV Fertilizer Plant within the existing premises of Brahmaputra Valley Fertilizer Corporation Limited (BVFCL), Namrup, Assam",https://pib.gov.in/PressReleasePage.aspx?PRID=2112872
Security Printing and Minting Corporation of India,PSU/CPSE,4,2017-02-17,2026-08-20,Ministry of Finance,Union Minister of State for Finance Shri Pankaj Chaudhary participated virtually in 21st Award Ceremony of Security Printing and Minting Corporation of India Limited (SPMCIL) in New Delhi today,https://pib.gov.in/PressReleasePage.aspx?PRID=2301712
India Infrastructure Finance Company,PSU/CPSE,4,2018-03-20,2019-12-11,Ministry of Finance,Cabinet approves the proposal for increase in authorised capital and equity support to India Infrastructure Finance Company Limited (IIFCL),https://pib.gov.in/PressReleasePage.aspx?PRID=1595958
Export Credit Guarantee Corporation,PSU/CPSE,4,2018-06-27,2021-09-29,Ministry of Commerce & Industry,Cabinet approveslisting of Export Credit Guarantee Corporation Ltd.through the Initial Public Offer on the stock Exchange,https://pib.gov.in/PressReleasePage.aspx?PRID=1759262
National Film Development Corporation,PSU/CPSE,4,2024-08-20,2026-03-11,Ministry of Information & Broadcasting,India Expands Promotion of Cinema and Creative Talent through DCDFC Scheme Implemented by National Film Development Corporation,https://pib.gov.in/PressReleasePage.aspx?PRID=2238117
Konkan Railway Corporation,PSU/CPSE,3,2017-12-15,2021-08-14,Ministry of Labour & Employment,"Election for sole bargaining Agent in Konkan Railway Corporation Ltd, Mumbai.",https://pib.gov.in/PressReleasePage.aspx?PRID=1745817
Bharat Heavy Electricals,PSU/CPSE,3,2020-01-08,2023-11-28,Ministry of Defence,Ministry of Defence inks contract with Bharat Heavy Electricals Limited to procure 16 Upgraded Super Rapid Gun Mount & accessories worth ₹2956.89 Cr for Indian Navy,https://pib.gov.in/PressReleasePage.aspx?PRID=1980502
Oriental Insurance Company,PSU/CPSE,3,2020-07-08,2026-03-27,Ministry of Finance,"Oriental Insurance Company Limited (OICL) crosses ₹20,000 crore in Gross Premium for FY 2025–2026",https://pib.gov.in/PressReleasePage.aspx?PRID=2246224
National Land Monetization Corporation,PSU/CPSE,3,2022-03-09,2022-03-29,Ministry of Finance,Cabinet approves setting up of National Land Monetization Corporation (NLMC),https://pib.gov.in/PressReleasePage.aspx?PRID=1811082
Dedicated Freight Corridor Corporation India,PSU/CPSE,3,2020-08-24,2020-09-01,Ministry of Railways,"Shri Piyush Goyal, Minister of Railways and Commerce & Industry holds meeting with Senior officials of States to review the progress of Dedicated Freight Corridor Corporation India Limited (DFCCIL)",https://pib.gov.in/PressReleasePage.aspx?PRID=1650426
Bharat Dynamics,PSU/CPSE,2,2020-03-05,2022-07-02,Ministry of Defence,"Raksha Mantri Shri Rajnath Singh dedicates to the nation new manufacturing facilities at Bharat Dynamics Limited, Bhanur",https://pib.gov.in/PressReleasePage.aspx?PRID=1838815
Bharat Sanchar Nigam,PSU/CPSE,2,2017-09-12,2017-09-12,Ministry of Communications,"Cabinet approves hiving off mobile tower assets of Bharat Sanchar Nigam Limited into a separate company, fully owned by BSNL",https://pib.gov.in/PressReleasePage.aspx?PRID=1502539
Indian Railway Finance Corporation,PSU/CPSE,2,2018-02-06,2018-03-26,Ministry of Railways,Government Guarantee for Indian Railway Finance Corporation (IRFC) Bonds: to further ease the flow of borrowed funds for Ministry of Railways to undertake projects,https://pib.gov.in/PressReleasePage.aspx?PRID=1526390
Hindustan Zinc,PSU/CPSE,2,2024-01-11,2026-05-18,Ministry of Mines,Hindustan Zinc’s Rajasthan Operations Reflect India’s Vision for Viksit Bharat: G. Kishan Reddy,https://pib.gov.in/PressReleasePage.aspx?PRID=2262474
India Ports Global,PSU/CPSE,2,2020-02-26,2020-02-26,"Ministry of Ports, Shipping and Waterways",Cabinet approves Exemption from applicability of DPE Guidelines to India Ports Global Limited (IPGL),https://pib.gov.in/PressReleasePage.aspx?PRID=1604417
Scooters India,PSU/CPSE,2,2018-05-23,2018-05-23,Ministry of Health and Family Welfare,"Cabinet approves restructuring of balance sheet of Scooters India Limited, Lucknow",https://pib.gov.in/PressReleasePage.aspx?PRID=1533118
Burn Standard Company,PSU/CPSE,2,2018-04-04,2018-04-04,Ministry of Railways,Cabinet approves closure of loss making Burn Standard Company Limited - a Central Public Sector Enterprise (CPSE),https://pib.gov.in/PressReleasePage.aspx?PRID=1527710
Biecco Lawrie,PSU/CPSE,2,2018-10-10,2018-10-10,Ministry of Petroleum & Natural Gas,Cabinet approves closure of Biecco Lawrie Limited,https://pib.gov.in/PressReleasePage.aspx?PRID=1549155
Instrumentation Limited,PSU/CPSE,2,2019-12-09,2023-09-16,Ministry of Heavy Industries,"Union Minister for Heavy Industries felicitates Instrumentation Limited, FCRI, BHEL And HMT for their Contribution in Successful Launch of Chandrayan-3 Mission",https://pib.gov.in/PressReleasePage.aspx?PRID=1958024
Minerals & Metals Trading Corporation,PSU/CPSE,2,2020-01-08,2020-01-08,Ministry of Finance,"Cabinet approves ‘In Principle’ strategic disinvestment of equity shareholding of Minerals & Metals Trading Corporation Limited, National Mineral Development Corporation, MECON and Bharat Heavy Electricals Ltd. in Neelac...",https://pib.gov.in/PressReleasePage.aspx?PRID=1598715
National Insurance Company,PSU/CPSE,2,2020-07-08,2020-07-08,Ministry of Finance,"Cabinet approves capital infusion for the three Public Sector General Insurance Companies – Oriental Insurance Company Limited, National Insurance Company Limited and United India Insurance Company Limited",https://pib.gov.in/PressReleasePage.aspx?PRID=1637212
United India Insurance Company,PSU/CPSE,2,2020-07-08,2020-07-08,Ministry of Finance,"Cabinet approves capital infusion for the three Public Sector General Insurance Companies – Oriental Insurance Company Limited, National Insurance Company Limited and United India Insurance Company Limited",https://pib.gov.in/PressReleasePage.aspx?PRID=1637212
Meta,Private/MNC,76,2017-05-18,2026-07-04,Ministry of Science & Technology,"India's Liver Epidemic, Diabetes Surge Part of a Larger Metabolic Nexus; Calls for Mission-Mode Public Awareness: Dr Jitendra Singh",https://pib.gov.in/PressReleasePage.aspx?PRID=2281062
Amazon,Private/MNC,38,2017-11-27,2026-08-24,Ministry of Skill Development and Entrepreneurship,National Skill Development Corporation and Cultus Education Launches Nationwide Cloud and AI Skilling Initiative with Support from Amazon Web Services (AWS),https://pib.gov.in/PressReleasePage.aspx?PRID=2302495
IBM,Private/MNC,26,2017-02-09,2025-09-12,Ministry of Mines,Union Minister Shri G. Kishan Reddy Inaugurates IBM’s Regional Office in Ranchi,https://pib.gov.in/PressReleasePage.aspx?PRID=2166004
Netflix,Private/MNC,11,2017-11-27,2026-08-06,Ministry of Tourism,Ministry of Tourism and Netflix Partner to Showcase India's Tourism Experiences Through the Power of Storytelling,https://pib.gov.in/PressReleasePage.aspx?PRID=2295286
HDFC Bank,Private/MNC,7,2018-04-03,2024-12-17,Ministry of Commerce & Industry,DPIIT signs MoU with HDFC Bank to strengthen startup ecosystem and foster innovation,https://pib.gov.in/PressReleasePage.aspx?PRID=2085442
Jaiprakash Associates,Private/MNC,7,2019-08-13,2025-10-14,Competition Commission of India,CCI approves acquisition of Jaiprakash Associates Limited by Vedanta Limited,https://pib.gov.in/PressReleasePage.aspx?PRID=2179069
Adani Power,Private/MNC,5,2020-07-30,2026-05-12,Competition Commission of India,CCI approves acquisition of 100% share capital of GVK Energy Ltd (Target) by Adani Power Ltd (Acquirer),https://pib.gov.in/PressReleasePage.aspx?PRID=2260402
Adani Green Energy,Private/MNC,4,2020-04-01,2021-07-01,Competition Commission of India,CCI approves acquisition of SB Energy Holding Limited by Adani Green Energy Limited,https://pib.gov.in/PressReleasePage.aspx?PRID=1731853
Adani Ports and Special Economic Zone,Private/MNC,4,2020-07-23,2021-09-20,Competition Commission of India,CCI approves proposed acquisition of 10.4% of equity shareholding of Gangavaram Port Limited (GPL) by Adani Ports and Special Economic Zones Limited (APSEZ),https://pib.gov.in/PressReleasePage.aspx?PRID=1756527
Vodafone Idea,Private/MNC,4,2019-02-28,2022-05-18,Ministry of Communications,C-DOT and Vodafone Idea Limited sign MoU for cooperation in area of IoT/M2M.,https://pib.gov.in/PressReleasePage.aspx?PRID=1826493
Larsen & Toubro,Private/MNC,3,2017-10-09,2019-06-06,Competition Commission of India,CCI approves Acquisition of the electrical and automation business of Larsen & Toubro Limited by Schneider Electric India Private Limited and MacRitchie Investments Pte. Ltd.,https://pib.gov.in/PressReleasePage.aspx?PRID=1573579
Hero MotoCorp,Private/MNC,3,2025-03-10,2026-06-03,Ministry of Road Transport & Highways,Union Minister Shri Nitin Gadkari Addresses the Launch of Hero MotoCorp’s First Flex-Fuel Motorcycles in New Delhi,https://pib.gov.in/PressReleasePage.aspx?PRID=2268697
Aditya Birla Fashion and Retail,Private/MNC,3,2021-01-21,2023-06-27,Competition Commission of India,CCI approves acquisition of TCNS Clothing Co. Limited by Aditya Birla Fashion and Retail Limited,https://pib.gov.in/PressReleasePage.aspx?PRID=1935673
Schneider Electric India,Private/MNC,3,2018-11-22,2025-12-09,Competition Commission of India,CCI approves the proposed acquisition of certain stake in Schneider Electric India Private Limited(SEIPL/Target 1) and Schneider Electric JV Holdings 2 Pte. Ltd. (SEJV2/Target 2) respectively by Schneider Electric SE (Sc...,https://pib.gov.in/PressReleasePage.aspx?PRID=2201090
Suven Pharmaceuticals,Private/MNC,3,2023-04-20,2023-09-13,Ministry of Chemicals and Fertilizers,Cabinet approves foreign investment of up to Rs.9589 crore in M/s Suven Pharmaceuticals Limited,https://pib.gov.in/PressReleasePage.aspx?PRID=1956909
Kotak Mahindra Bank,Private/MNC,3,2024-11-26,2025-10-23,Ministry of Commerce & Industry,DPIIT signs MoU with Kotak Mahindra Bank to enhance financial and non-financial support for startups across India.,https://pib.gov.in/PressReleasePage.aspx?PRID=2181808
Reliance Retail Ventures,Private/MNC,2,2020-11-20,2023-03-15,Competition Commission of India,CCI approves acquisition of METRO Cash and Carry India Private Limited by Reliance Retail Ventures Limited,https://pib.gov.in/PressReleasePage.aspx?PRID=1907052
Maruti Suzuki India,Private/MNC,2,2018-12-19,2025-06-17,Ministry of Railways,"Union Railway Minister Inaugurates India’s Largest Automobile Gati Shakti Multi-Modal Cargo Terminal at Maruti Suzuki India Ltd., Manesar",https://pib.gov.in/PressReleasePage.aspx?PRID=2136909
Mahindra & Mahindra,Private/MNC,2,2020-02-11,2024-05-10,Ministry of Skill Development and Entrepreneurship,Ministry of Skill Development & Entrepreneurship signs MoU with Mahindra & Mahindra Ltd. to conduct two Pilot Projects under the Drone Didi Yojana,https://pib.gov.in/PressReleasePage.aspx?PRID=2020242
Aditya Birla Capital,Private/MNC,2,2019-10-24,2025-05-22,Ministry of Communications,India Post Payments Bank Partners with Aditya Birla Capital Limited to Simplify Accessibility to Loan Products across India,https://pib.gov.in/PressReleasePage.aspx?PRID=2130499
Suzuki Motor Corporation,Private/MNC,2,2019-11-26,2022-05-23,Prime Minister's Office,"Prime Minister’s meeting with Mr. Osamu Suzuki, Senior Advisor, Suzuki Motor Corporation",https://pib.gov.in/PressReleasePage.aspx?PRID=1827559
JSW Energy,Private/MNC,2,2020-04-07,2025-03-05,Competition Commission of India,CCI approves proposed acquisition of 100% shareholding in KSK Mahanadi Power Company Limited by JSW Energy Limited,https://pib.gov.in/PressReleasePage.aspx?PRID=2108310
Intas Pharmaceuticals,Private/MNC,2,2020-04-30,2022-10-10,Competition Commission of India,"Commission approves acquisition by Platinum Jasmine A 2018 Trust (Platinum Owl) of equity shareholding of Intas Pharmaceuticals Limited (Intas) under Section 31(1) of the Competition Act, 2002",https://pib.gov.in/PressReleasePage.aspx?PRID=1866544
HealthCare Global Enterprises,Private/MNC,2,2020-07-15,2025-05-01,Competition Commission of India,CCI approves proposed combination involving acquisition in HealthCare Global Enterprises Limited by KKR through Hector Asia Holdings and KIA EBT II Scheme,https://pib.gov.in/PressReleasePage.aspx?PRID=2125856
Gennova Biopharmaceuticals,Private/MNC,2,2020-07-24,2021-04-13,Ministry of Science & Technology,Department of Biotechnology provides under Mission COVID Suraksha for Gennova Biopharmaceuticals Ltd.'s novel mRNA-based COVID 19 Vaccine candidate –HGCO19.,https://pib.gov.in/PressReleasePage.aspx?PRID=1711304
Coca-Cola India,Private/MNC,1,2023-10-15,2023-10-15,Ministry of Skill Development and Entrepreneurship,Skill India partners with Coca-Cola India to launch Retailer Skill Development Program,https://pib.gov.in/PressReleasePage.aspx?PRID=1967936
Pfizer Limited,Private/MNC,1,2025-09-04,2025-09-04,Ministry of Commerce & Industry,DPIIT signs MoU with Pfizer Limited to strengthen India’s healthcare innovation ecosystem,https://pib.gov.in/PressReleasePage.aspx?PRID=2163676
LuLu Group International,Private/MNC,1,2024-09-13,2024-09-13,Ministry of Commerce & Industry,APEDA signs MoU with LuLu Group International to promote Indian Organic Products globally,https://pib.gov.in/PressReleasePage.aspx?PRID=2054551
Dhanuka Agritech,Private/MNC,1,2024-03-20,2024-03-20,Ministry of Agriculture & Farmers Welfare,MoU signed between Indian Council of Agricultural Research and Dhanuka Agritech Limited,https://pib.gov.in/PressReleasePage.aspx?PRID=2015646
ICICI Bank,Private/MNC,1,2025-09-04,2025-09-04,Ministry of Commerce & Industry,DPIIT and ICICI Bank sign MoU to support startups across India,https://pib.gov.in/PressReleasePage.aspx?PRID=2163675
Apna,Startup,91,2020-02-03,2026-05-25,Ministry of Rural Development,Union Minister Shivraj Singh Chouhan’s Book “Apnapan” to be Released on May 26 in New Delhi,https://pib.gov.in/PressReleasePage.aspx?PRID=2265164
Karya,Startup,41,2017-03-17,2026-08-26,Ministry of Health and Family Welfare,Union Ministry of Health and Family Welfare Convenes National Workshop on Samagra Shishu Bal Swasthya Karyakram (SSBSK),https://pib.gov.in/PressReleasePage.aspx?PRID=2303141
Zepto,Startup,5,2025-08-12,2026-03-12,AYUSH,Union Minister Shri Prataprao Jadhav Inaugurates Dedicated AYUSH Store on Zepto Platform,https://pib.gov.in/PressReleasePage.aspx?PRID=2239144
PhonePe,Startup,3,2022-02-16,2026-08-20,Ministry of Electronics & IT,MeitY partners with PhonePe to strengthen PM GatiShakti with granular data intelligence,https://pib.gov.in/PressReleasePage.aspx?PRID=2301687
Swiggy,Startup,3,2020-10-05,2025-04-26,Ministry of Cooperation,"Secretary, Ministry of Cooperation attends signing of MoU between Ministry of Cooperation and Swiggy Instamart for onboarding of the Cooperative Dairy and other products",https://pib.gov.in/PressReleasePage.aspx?PRID=2124533
ANI Technologies Private Limited,Startup,3,2019-10-30,2021-08-13,Competition Commission of India,CCI approves acquisition of shares by Plum Wood Investment and voting rights by Mr. Bhavish Aggarwal in ANI Technologies Private Limited,https://pib.gov.in/PressReleasePage.aspx?PRID=1745505
API Holdings Limited,Startup,3,2024-01-31,2024-01-31,Competition Commission of India,CCI approves subscription of compulsorily convertible preference shares of API Holdings Limited by MacRitchie Investments Pte. Ltd. and EvolutionX Debt Capital Master Fund 1 Pte. Ltd.,https://pib.gov.in/PressReleasePage.aspx?PRID=2000727
Aakash Educational Services Limited,Startup,3,2021-06-08,2025-06-24,Competition Commission of India,CCI approves combination involving acquisition in Aakash Educational Services Limited by Manipal Health Systems Private Limited and Manipal Education and Medical Group India Private Limited,https://pib.gov.in/PressReleasePage.aspx?PRID=2139298
Rapido,Startup,2,2025-04-29,2025-08-21,"Ministry of Consumer Affairs, Food & Public Distribution",Central Consumer Protection Authority (CCPA) imposes penalty of Rs 10 Lakh on Rapido-online ride hailing platform for misleading advertisement,https://pib.gov.in/PressReleasePage.aspx?PRID=2158830
Ecom Express Private Limited,Startup,2,2019-11-14,2021-02-10,Competition Commission of India,CCI approves subscription to securities of Ecom Express Private Limited by CDC Group plc.,https://pib.gov.in/PressReleasePage.aspx?PRID=1696863
Swiggy Instamart,Startup,1,2025-04-26,2025-04-26,Ministry of Cooperation,"Secretary, Ministry of Cooperation attends signing of MoU between Ministry of Cooperation and Swiggy Instamart for onboarding of the Cooperative Dairy and other products",https://pib.gov.in/PressReleasePage.aspx?PRID=2124533
Ather Energy,Startup,1,2025-07-29,2025-07-29,Ministry of Commerce & Industry,DPIIT signs MoU with Ather Energy to strengthen EV manufacturing and clean mobility ecosystem,https://pib.gov.in/PressReleasePage.aspx?PRID=2149532
Go Digit General Insurance Ltd,Startup,1,2026-07-29,2026-07-29,Competition Commission of India,"CCI approves amalgamation of Go Digit Infoworks Services, holding company of Go Digit General Insurance Ltd, with Go Digit General Insurance Ltd, such that Go Digit General Insurance Ltd will be the surviving entity",https://pib.gov.in/PressReleasePage.aspx?PRID=2290715
CarDekho Group,Startup,1,2025-09-15,2025-09-15,Ministry of Commerce & Industry,"Startup India-DPIIT signs MoU with CarDekho Group to strengthen startup ecosystem in mobility, fintech and emerging tech sectors",https://pib.gov.in/PressReleasePage.aspx?PRID=2166779
CoGrad,Startup,1,2026-06-05,2026-06-05,Ministry of Tribal Affairs,NESTS signs MoU with CoGrad to strengthen AI-enabled academic support in Eklavya Model Residential Schools (EMRS),https://pib.gov.in/PressReleasePage.aspx?PRID=2269451
SignAble Communications,Startup,1,2024-03-09,2024-03-09,Ministry of Social Justice & Empowerment,Department of Empowerment of Persons with Disabilities signs MoU with SignAble Communications to support Divyangjan with Speech & Hearing disabilities,https://pib.gov.in/PressReleasePage.aspx?PRID=2012940
Aheesa Digital Innovations,Startup,1,2026-08-16,2026-08-16,Ministry of Electronics & IT,"DLI Scheme-backed Chip Design Startup - Aheesa Digital Innovations Achieved First-Pass Silicon Success With ‘VIHAAN’, a Broadband Chip Built Using the Indigenous VEGA Microprocessor",https://pib.gov.in/PressReleasePage.aspx?PRID=2299883
Vervesemi Microelectronics,Startup,1,2026-02-18,2026-02-18,Ministry of Electronics & IT,DLI Scheme-backed Chip Design Startup — Vervesemi Microelectronics Raises $10 Million In A Series A Funding Round,https://pib.gov.in/PressReleasePage.aspx?PRID=2229659
Physics Wallah Foundation,Startup,1,2025-11-07,2025-11-07,Ministry of Social Justice & Empowerment,"Department of Social Justice & Empowerment signed MoU with Physics Wallah Foundation to provide free online coaching to SC, OBC and beneficiaries of the PM CARES Children Scheme",https://pib.gov.in/PressReleasePage.aspx?PRID=2187486
