date,company_name,category,title,url
2026-08-31,Thapar Institute of Engineering & Technology,Unknown,"MoSPI signs MoU with Thapar Institute of Engineering & Technology, Punjab for undertaking a Research Study",https://pib.gov.in/PressReleasePage.aspx?PRID=2305194
2026-08-20,PhonePe,Startup,MeitY partners with PhonePe to strengthen PM GatiShakti with granular data intelligence,https://pib.gov.in/PressReleasePage.aspx?PRID=2301687
2026-08-06,Netflix,Private/MNC,Ministry of Culture and Ministry of Tourism partner with Netflix to showcase India's cultural heritage and tourism destinations through authentic storytelling,https://pib.gov.in/PressReleasePage.aspx?PRID=2295242
2026-07-15,University of Delhi,Unknown,"Ministry of Ayush signs MoU with University of Delhi to advance research, innovation and sustainable utilisation of medicinal plants",https://pib.gov.in/PressReleasePage.aspx?PRID=2285006
2026-07-08,BECIL,Unknown,"TEC, the technical arm of DoT, signs MoU with BECIL to Strengthen India’s Telecom and Broadcasting Ecosystem",https://pib.gov.in/PressReleasePage.aspx?PRID=2282582
2026-06-05,Learning Links Foundation,Unknown,NESTS signs MoU with Learning Links Foundation to implement Amazon Future Engineer Program (AFE) in EMRSs,https://pib.gov.in/PressReleasePage.aspx?PRID=2269329
2026-06-05,CoGrad,Unknown,NESTS signs MoU with CoGrad to strengthen AI-enabled academic support in Eklavya Model Residential Schools (EMRS),https://pib.gov.in/PressReleasePage.aspx?PRID=2269451
2026-05-21,MDI,Unknown,"SAIL signs MoU with MDI, Gurgaon for Executive Education Program",https://pib.gov.in/PressReleasePage.aspx?PRID=2263846
2026-05-13,Karya,Unknown,IndiaAI signs MoU with Karya to strengthen inclusive AI ecosystem,https://pib.gov.in/PressReleasePage.aspx?PRID=2260790
2026-05-07,RIS,Unknown,NIScPR signed an MoU with RIS to strengthen Science Technology Innovation Policy and Diplomacy,https://pib.gov.in/PressReleasePage.aspx?PRID=2258639
2026-05-06,Federation of Indian Chambers of Commerce and Industry,Unknown,Office of Principal Scientific Adviser to the Government of India signs a MoU with Federation of Indian Chambers of Commerce and Industry to Foster an Enabling Ecosystem for R&D,https://pib.gov.in/PressReleasePage.aspx?PRID=2258487
2026-04-28,Dr. Sarvepalli Radhakrishnan Rajasthan Ayurved University,Unknown,All India Institute of Ayurveda–iCAINE signs MoU with Dr. Sarvepalli Radhakrishnan Rajasthan Ayurved University,https://pib.gov.in/PressReleasePage.aspx?PRID=2256398
2026-03-31,Delhi Technological University,Unknown,National Council for Cement and Building Materials signs MoU with Delhi Technological University to strengthen skill development and capacity building in construction sector,https://pib.gov.in/PressReleasePage.aspx?PRID=2247307
2026-03-30,Science City of Andhra Pradesh,Unknown,CSIR–National Institute of Science Communication and Policy Research (NIScPR) signed an MoU with Science City of Andhra Pradesh to Strengthen Science Communication and STI Policy Research,https://pib.gov.in/PressReleasePage.aspx?PRID=2247006
2026-03-30,Gati Shakti Vishwavidyalaya,Unknown,"DGCA signs MoU with Gati Shakti Vishwavidyalaya to train youth in broad areas of Aviation, including Aviation Engineering and Aviation Management",https://pib.gov.in/PressReleasePage.aspx?PRID=2247104
2026-02-25,IIT Kharagpur,Unknown,TEC signs MoU with IIT Kharagpur for collaboration on Joint Studies and Technical Contributions in Telecom Technologies and Standardisation Activities,https://pib.gov.in/PressReleasePage.aspx?PRID=2232716
2026-02-13,Rashtriya Raksha University,Unknown,"Centre for Development of Telematics signs MoU with Rashtriya Raksha University, Gandhinagar to boost Collaborative research and innovation in strategic areas of National importance",https://pib.gov.in/PressReleasePage.aspx?PRID=2227816
2026-01-23,Industry,Unknown,"DST Institute partners with Industry for translating research on,” Smarter Cooling of Aviation Batteries”",https://pib.gov.in/PressReleasePage.aspx?PRID=2217710
2026-01-08,IIT Kanpur,Unknown,TEC signs MoU with IIT Kanpur for collaboration on Joint Studies and Technical Contributions in Telecom Technologies and Standardisation Activities,https://pib.gov.in/PressReleasePage.aspx?PRID=2212536
2026-01-05,NSTFDC,Unknown,ONGC Ltd. signed MoU with NSTFDC for execution of CSR funded infrastructure development of Eklavya Model Residential Schools,https://pib.gov.in/PressReleasePage.aspx?PRID=2211593
2025-12-30,NHAI,Unknown,National Test House signs MoU with NHAI to strengthen quality assurance in National Highway projects,https://pib.gov.in/PressReleasePage.aspx?PRID=2209918
2025-12-26,Ministry of Minority Affairs,Unknown,NIFTEM-K signs MoU with Ministry of Minority Affairs to implement PM Vikas Scheme,https://pib.gov.in/PressReleasePage.aspx?PRID=2208737
2025-12-12,Amazon,Private/MNC,"Ministry of Micro, Small and Medium Enterprises (MSME) signs MoU with Amazon to Strengthen Market Access for PM Vishwakarma Artisans",https://pib.gov.in/PressReleasePage.aspx?PRID=2202916
2025-11-27,Indian Institute of Technology,Unknown,"Centre for Development of Telematics (C-DOT) signs MoU with Indian Institute of Technology, Roorkee (IITR)",https://pib.gov.in/PressReleasePage.aspx?PRID=2195196
2025-11-19,IIIT Delhi,Unknown,TEC signs MoU with IIIT Delhi for collaboration on Joint Studies and Technical Contributions in Telecom Technologies and Standardisation Activities,https://pib.gov.in/PressReleasePage.aspx?PRID=2191650
2025-11-18,Andhra Pradesh Government,Unknown,C-DOT signs MoU with Andhra Pradesh Government to participate in Amaravati Quantum Valley (AQV) initiative,https://pib.gov.in/PressReleasePage.aspx?PRID=2191157
2025-11-15,Jharkhand State Pharmacy Council,Unknown,Indian Pharmacopoeia Commission signs MoU with Jharkhand State Pharmacy Council,https://pib.gov.in/PressReleasePage.aspx?PRID=2190283
2025-11-14,Andhra Pradesh contributing,Unknown,"India emerging as a trusted global partner with Andhra Pradesh contributing to Viksit Bharat @2047: Union Minister of Commerce and Industry, Shri Piyush Goyal",https://pib.gov.in/PressReleasePage.aspx?PRID=2190198
2025-11-13,SRMIST,Unknown,TEC signs MoU with SRMIST for collaboration on Joint Studies and Technical Contributions in Telecom Technologies and Standardisation Activities,https://pib.gov.in/PressReleasePage.aspx?PRID=2189772
2025-11-07,IIT Bombay,Unknown,TEC signs MoU with IIT Bombay for collaboration on Joint Studies and Technical Contributions in Telecom Technologies and Standardisation Activities,https://pib.gov.in/PressReleasePage.aspx?PRID=2187365
2025-11-07,Physics Wallah Foundation,Unknown,"Department of Social Justice & Empowerment signed MoU with Physics Wallah Foundation to provide free online coaching to SC, OBC and beneficiaries of the PM CARES Children Scheme",https://pib.gov.in/PressReleasePage.aspx?PRID=2187486
2025-11-01,IICA,Unknown,"MoSPI signs MoU with IICA to develop a Comprehensive SDG Alignment Framework integrating National, State, ESG, and CSR indicators towards the vision of Viksit Bharat",https://pib.gov.in/PressReleasePage.aspx?PRID=2185031
2025-10-24,IIIT-Hyderabad,Unknown,TEC signs MoU with IIIT-Hyderabad for collaboration on Joint Studies and Technical Contributions in Telecom Technologies and Standardisation Activities,https://pib.gov.in/PressReleasePage.aspx?PRID=2182200
2025-10-24,IIT-Hyderabad,Unknown,TEC signs MoU with IIT-Hyderabad for collaboration on Joint Studies and Technical Contributions in Telecom Technologies and Standardisation Activities,https://pib.gov.in/PressReleasePage.aspx?PRID=2182282
2025-10-23,Kotak Mahindra Bank,Private/MNC,DPIIT signs MoU with Kotak Mahindra Bank to enhance financial and non-financial support for startups across India.,https://pib.gov.in/PressReleasePage.aspx?PRID=2181808
2025-10-23,Primus Partners Pvt,Unknown,DPIIT signs MoU with Primus Partners Pvt. Ltd. to strengthen the startup ecosystem,https://pib.gov.in/PressReleasePage.aspx?PRID=2181809
2025-09-24,Zepto,Startup,"Ministry of Labour & Employment signs MoU with Zepto in presence of Union Minister, Dr. Mansukh Mandaviya",https://pib.gov.in/PressReleasePage.aspx?PRID=2170741
2025-09-23,Tamil Nadu Government,Unknown,MDL signs MoU with Tamil Nadu Government to develop world-class Greenfield Shipyard on Eastern Coast,https://pib.gov.in/PressReleasePage.aspx?PRID=2170194
2025-09-15,CarDekho Group,Startup,"Startup India-DPIIT signs MoU with CarDekho Group to strengthen startup ecosystem in mobility, fintech and emerging tech sectors",https://pib.gov.in/PressReleasePage.aspx?PRID=2166779
2025-09-04,Pfizer Limited,Unknown,DPIIT signs MoU with Pfizer Limited to strengthen India’s healthcare innovation ecosystem,https://pib.gov.in/PressReleasePage.aspx?PRID=2163676
2025-08-27,QCI,Unknown,MoD signs MoU with QCI to enhance Veteran Welfare Services,https://pib.gov.in/PressReleasePage.aspx?PRID=2161093
2025-08-13,BSIP,Unknown,IGNCA signed MoU with BSIP to mark India’s Unified Platform for Science and Culture,https://pib.gov.in/PressReleasePage.aspx?PRID=2156051
2025-08-12,Hero MotoCorp,Private/MNC,DPIIT signs MoU with Hero MotoCorp to Support and Scale Early-Stage Startups,https://pib.gov.in/PressReleasePage.aspx?PRID=2155373
2025-08-12,Zepto,Startup,DPIIT signs MoU with Zepto to support manufacturing startups through Zepto Nova Innovation Challenge,https://pib.gov.in/PressReleasePage.aspx?PRID=2155374
2025-07-31,HDFC Capital Advisors Limited,Unknown,DPIIT signs MoU with HDFC Capital Advisors Limited to boost innovation in affordable housing and PropTech sectors,https://pib.gov.in/PressReleasePage.aspx?PRID=2150788
2025-07-29,Ather Energy,Startup,DPIIT signs MoU with Ather Energy to strengthen EV manufacturing and clean mobility ecosystem,https://pib.gov.in/PressReleasePage.aspx?PRID=2149532
2025-04-29,Rapido,Startup,Ministry of Labour & Employment signs MoU with Rapido in Presence of Union Ministers Dr. Mansukh Mandaviya and Sushri Shobha Karandlaje,https://pib.gov.in/PressReleasePage.aspx?PRID=2125275
2025-04-15,Swiggy,Startup,Ministry of Labour & Employment signs MoU with Swiggy in Presence of Union Ministers Dr. Mansukh Mandaviya and Sushri Shobha Karandlaje,https://pib.gov.in/PressReleasePage.aspx?PRID=2121930
2025-04-11,Government of Maharashtra,Unknown,Union Ministry of Information & Broadcasting signs a MoU with Government of Maharashtra to establish Indian Institute of Creative Technologies (IICT) in Mumbai,https://pib.gov.in/PressReleasePage.aspx?PRID=2121017
2025-04-08,World Economic Forum,Unknown,MSDE partners with World Economic Forum to launch India Skills Accelerator,https://pib.gov.in/PressReleasePage.aspx?PRID=2120188
2025-03-19,DigiLocker,Unknown,Securities and Exchange Board of India (SEBI) partners with DigiLocker to reduce unclaimed assets in the Indian securities market and enhances investor protection,https://pib.gov.in/PressReleasePage.aspx?PRID=2112876
2025-03-06,J&K,Unknown,IWAI signs MoU with J&K to boost river cruise tourism,https://pib.gov.in/PressReleasePage.aspx?PRID=2108820
2025-02-25,Rooftop,Unknown,TRIFED signs MoU with Rooftop to facilitate skill enhancements of tribal artisans and facilitating their businesses,https://pib.gov.in/PressReleasePage.aspx?PRID=2106114
2025-02-24,Government of MP,Unknown,SECI signs MoU with Government of MP for 200 MW Solar Project at Dhar,https://pib.gov.in/PressReleasePage.aspx?PRID=2105881
2025-02-13,Rukam Capital and Bootstrap Incubation,Unknown,DPIIT partners with Rukam Capital and Bootstrap Incubation to boost India’s startup ecosystem,https://pib.gov.in/PressReleasePage.aspx?PRID=2102758
2025-01-28,Bhashini,Unknown,Tripura becomes first North East State to sign MoU with Bhashini for Multi-lingual Governance,https://pib.gov.in/PressReleasePage.aspx?PRID=2096998
2025-01-22,Apna,Startup,DPIIT partners with Apna to boost startup talent and create job opportunities for youth,https://pib.gov.in/PressReleasePage.aspx?PRID=2095057
2024-12-17,HDFC Bank,Private/MNC,DPIIT signs MoU with HDFC Bank to strengthen startup ecosystem and foster innovation,https://pib.gov.in/PressReleasePage.aspx?PRID=2085442
2024-11-26,CREDAI,Unknown,NABL under QCI signs MoU with CREDAI to enhance quality assurance for temporary site testing laboratories,https://pib.gov.in/PressReleasePage.aspx?PRID=2077488
2024-11-22,Banaras Hindu University and Ministry of Education,Unknown,"Ministry of Health and Family Welfare signs MoU with Banaras Hindu University and Ministry of Education to provide support to Institute of Medical Sciences, BHU on the lines of new AIIMS set up under PMSSY",https://pib.gov.in/PressReleasePage.aspx?PRID=2076022
2024-11-19,Research Society,Unknown,NABH under Quality Council of India (QCI) signs MoU with Research Society for the Study of Diabetes in India (RSSDI) to enhance quality of diabetes care,https://pib.gov.in/PressReleasePage.aspx?PRID=2074561
2024-11-04,ASCI Hyderabad,Unknown,SAIL signs MoU with ASCI Hyderabad for academic collaboration,https://pib.gov.in/PressReleasePage.aspx?PRID=2070588
2024-10-14,Meta,Private/MNC,MSDE partners with Meta for AI Assistant in Skill India Mission and 5 Centers of Excellence in NSTIs,https://pib.gov.in/PressReleasePage.aspx?PRID=2064628
2024-10-07,BMC,Unknown,National Skill Development Corporation (NSDC) signs MoU with BMC to Establish State-of-the-Art Skill Centre in Mumbai,https://pib.gov.in/PressReleasePage.aspx?PRID=2062976
2024-10-06,Government of Maharashtra,Unknown,Sports Authority of India (SAI) signs MoU with Government of Maharashtra to develop National Centre of Sports Excellence in Mumbai,https://pib.gov.in/PressReleasePage.aspx?PRID=2062664
2024-10-04,NTPC Vidyut Vyapar Nigam,Unknown,Indian Council of Medical Research signs MoU with NTPC Vidyut Vyapar Nigam to Boost Solar Power Usage in Health Research Facilities,https://pib.gov.in/PressReleasePage.aspx?PRID=2061998
2024-09-13,LuLu Group International,Unknown,APEDA signs MoU with LuLu Group International to promote Indian Organic Products globally,https://pib.gov.in/PressReleasePage.aspx?PRID=2054551
2024-08-30,Skill India,Unknown,"Visa partners with Skill India to up skill 20,000 youth for India's booming tourism industry",https://pib.gov.in/PressReleasePage.aspx?PRID=2050127
2024-08-22,HZL,Unknown,JNCASR partners with HZL to scale up indigenous Zn-ion battery technologies,https://pib.gov.in/PressReleasePage.aspx?PRID=2047647
2024-07-29,IIM-Bangalore,Unknown,Digital India Initiative: National e-Governance Division partners with IIM-Bangalore for Digital Government Senior Leaders' Programme,https://pib.gov.in/PressReleasePage.aspx?PRID=2038660
2024-07-05,NCAER,Unknown,DPIIT signs MoU with NCAER for Development of Framework & Assessment of Logistics Cost in India,https://pib.gov.in/PressReleasePage.aspx?PRID=2031084
2024-07-01,MosChip and Socionext,Unknown,C-DAC partners with MosChip and Socionext for design & development of High Performance Computing Processor AUM based on Arm architecture,https://pib.gov.in/PressReleasePage.aspx?PRID=2030068
2024-06-19,Australian Government,Unknown,MSDE partners with Australian Government to energise Agriculture Sector of India with emerging skills,https://pib.gov.in/PressReleasePage.aspx?PRID=2026734
2024-06-13,Sansad TV,Unknown,IGNCA signs MoU with Sansad TV,https://pib.gov.in/PressReleasePage.aspx?PRID=2025191
2024-05-10,Mahindra & Mahindra Ltd,Unknown,Ministry of Skill Development & Entrepreneurship signs MoU with Mahindra & Mahindra Ltd. to conduct two Pilot Projects under the Drone Didi Yojana,https://pib.gov.in/PressReleasePage.aspx?PRID=2020242
2024-04-03,IIT Patna,Unknown,SJVN partners with IIT Patna to improve Tunneling Project Performance using Advanced Geological Models,https://pib.gov.in/PressReleasePage.aspx?PRID=2017029
2024-03-15,J-PAL South Asia,Unknown,Ministry of Rural Development signs a MoU with J-PAL South Asia to provide technical assistance in the implementation of inclusive development under DAY NRLM,https://pib.gov.in/PressReleasePage.aspx?PRID=2014887
2024-03-12,IIT Delhi,Unknown,Ministry of Rural Development signs a MoU with IIT Delhi to formalize their partnership in applications of geospatial technology and artificial intelligence,https://pib.gov.in/PressReleasePage.aspx?PRID=2013810
2024-03-09,Electronics Sector Skills Council of India,Unknown,Department of Empowerment of Persons with Disabilities signs MoU with Electronics Sector Skills Council of India for Skilling of PwDs,https://pib.gov.in/PressReleasePage.aspx?PRID=2012937
2024-03-09,SignAble Communications,Unknown,Department of Empowerment of Persons with Disabilities signs MoU with SignAble Communications to support Divyangjan with Speech & Hearing disabilities,https://pib.gov.in/PressReleasePage.aspx?PRID=2012940
2024-03-07,UCOST,Unknown,CSIR-Indian Institute of Petroleum signs MoU with UCOST to deploy the Pine Needles-based fuel-making technology in Champawat,https://pib.gov.in/PressReleasePage.aspx?PRID=2012113
2024-03-06,UCOST,Unknown,CSIR-Indian Institute of Petroleum signs MoU with UCOST to deploy the Pine Needles-based fuel-making technology in Champawat,https://pib.gov.in/PressReleasePage.aspx?PRID=2012038
2024-02-27,RIS,Unknown,Ministry of Ayush signed MoU with RIS,https://pib.gov.in/PressReleasePage.aspx?PRID=2009401
2024-02-19,Open Network,Unknown,Department of Fisheries signs a MoU with Open Network for Digital Commerce in the presence of Union Minister Shri Parshottam Rupala today at New Delhi,https://pib.gov.in/PressReleasePage.aspx?PRID=2007083
2024-02-17,Open Network,Unknown,Department of Fisheries will be signing a MoU with Open Network for Digital Commerce in the presence of Union Minister Shri Parshottam Rupala on 19th February 2024 at New Delhi,https://pib.gov.in/PressReleasePage.aspx?PRID=2006752
2024-02-16,Colombia on sharing India's open-sourced DPIs,Unknown,India signs MoU with Colombia on sharing India's open-sourced DPIs,https://pib.gov.in/PressReleasePage.aspx?PRID=2006634
2024-02-02,BRAC International,Unknown,"National Rural Livelihood Promotion Society (NRLPS), MoRD signed MoU with BRAC International for economic inclusion and social protection for the poorest of the poor women",https://pib.gov.in/PressReleasePage.aspx?PRID=2001764
2024-01-30,Government of Maharashtra,Unknown,"NGEL signs MoU with Government of Maharashtra for development of Green Hydrogen Projects; ~ ₹ 80, 000 crores investment expected in five years",https://pib.gov.in/PressReleasePage.aspx?PRID=2000513
2024-01-04,Govt,Unknown,RECPDCL signs MoU with Govt. of Gujarat for Smart Metering project,https://pib.gov.in/PressReleasePage.aspx?PRID=1993216
2024-01-04,GPCL,Unknown,"NHPC signs MoU with GPCL, Govt. of Gujarat; to invest ~ Rs. 4,000 crores in proposed 750 MW Kuppa Pumped Hydro Storage Project",https://pib.gov.in/PressReleasePage.aspx?PRID=1993217
2024-01-03,Rail Vikas Nigam Limited,Unknown,"REC Limited signs MoU with Rail Vikas Nigam Limited, to Finance Multi-Modal Infrastructure Projects up to Rs. 35,000 crores over next 5 Years",https://pib.gov.in/PressReleasePage.aspx?PRID=1992631
2024-01-03,Govt,Unknown,"PFC signs MoU with Govt. of Gujarat for Power Projects worth Rs. 25,000 Crore",https://pib.gov.in/PressReleasePage.aspx?PRID=1992770
2024-01-03,NRSC,Unknown,NHAI signs MoU with NRSC for Development and Reporting of “Green Cover Index” for National Highways of India,https://pib.gov.in/PressReleasePage.aspx?PRID=1992882
2023-11-09,RailTel,PSU/CPSE,"REC signs MoU with RailTel, to Finance Infrastructure Projects in Telecom, IT and Railway Signalling",https://pib.gov.in/PressReleasePage.aspx?PRID=1975940
2023-10-18,IBM on Quantum,Unknown,"Just 4 months after India-US’ joint declaration, MEITY moves fast and signs MoU with IBM on Quantum, AI & Semiconductor",https://pib.gov.in/PressReleasePage.aspx?PRID=1968907
2023-10-15,Coca-Cola India,Unknown,Skill India partners with Coca-Cola India to launch Retailer Skill Development Program,https://pib.gov.in/PressReleasePage.aspx?PRID=1967936
2023-08-21,Government,Unknown,"IREDA signs MoU with Government, Revenue Target for 2023-24 set at ₹ 4,350 crores",https://pib.gov.in/PressReleasePage.aspx?PRID=1950764
2023-08-21,RITES,PSU/CPSE,"NHPC signs MoU with RITES, Ministry of Railways for construction of railway siding for Dibang Multipurpose Project, Arunachal Pradesh",https://pib.gov.in/PressReleasePage.aspx?PRID=1950887
2023-08-18,Chemlife Innovations,Unknown,Revolutionizing Animal Feed: TDB-DST partners with Chemlife Innovations for Innovative Bio-Trace Minerals Project,https://pib.gov.in/PressReleasePage.aspx?PRID=1950125
2023-07-05,European Union Aviation Safety Agency,Unknown,DGCA signs MoU with European Union Aviation Safety Agency for unmanned aircraft systems & Innovative air mobility,https://pib.gov.in/PressReleasePage.aspx?PRID=1937494
2023-07-02,Indian Port Rail & Ropeway Corporation Ltd,Unknown,Indian Coast Guard & Indian Navy sign MoU with Indian Port Rail & Ropeway Corporation Ltd for developing gallery at National Maritime Heritage Complex,https://pib.gov.in/PressReleasePage.aspx?PRID=1936912
2023-06-24,GRIDCO Odisha,Unknown,"NHPC signs MoU with GRIDCO Odisha, for developing 2 GW Pumped Storage Projects and 1 GW Solar Energy Projects in Odisha",https://pib.gov.in/PressReleasePage.aspx?PRID=1935018
2023-06-23,United States Agency,Unknown,Indian Railways signed MoU with United States Agency for International Development/India (USAID/India),https://pib.gov.in/PressReleasePage.aspx?PRID=1934668
2023-06-21,DAY-NULM towards empowering women entrepreneurs,Unknown,UNDP partners with DAY-NULM towards empowering women entrepreneurs,https://pib.gov.in/PressReleasePage.aspx?PRID=1933916
2023-05-02,RITES as Technical Support Agency,Unknown,Ministry of Housing &Urban Affairs signs MoU with RITES as Technical Support Agency for Swachhata,https://pib.gov.in/PressReleasePage.aspx?PRID=1921332
2023-03-21,Indian Army,Unknown,NTPC Renewable Energy Ltd. signs MoU with Indian Army for the implementation of Green Hydrogen Projects in Army Establishments,https://pib.gov.in/PressReleasePage.aspx?PRID=1909088
2023-03-16,Ministry of Ayush,Unknown,"In a historic step to make Lakhpati Didis (Women with annual earnings of Rs. 1 lakh and more) from the Self Help Groups (SHGs), Ministry of Rural Development signs MoU with Ministry of Ayush for skilling of rural youth a...",https://pib.gov.in/PressReleasePage.aspx?PRID=1907742
2023-03-03,IREDA,Unknown,Goa Chief Minister urges state departments and agencies to sign MoU with IREDA for faster development of Renewable Energy in Goa,https://pib.gov.in/PressReleasePage.aspx?PRID=1903998
2023-02-15,TERI under CSR initiatives,Unknown,SPMCIL signs MoU with TERI under CSR initiatives,https://pib.gov.in/PressReleasePage.aspx?PRID=1899457
2023-02-09,HPCL,Unknown,NTPC Green Energy Limited signs MoU with HPCL for development of renewable energy-based projects,https://pib.gov.in/PressReleasePage.aspx?PRID=1897763
2023-01-27,Siemens Healthineers on India MRI technology - a milestone,Unknown,MeitY’s R&D Institute SAMEER signs MoU with Siemens Healthineers on India MRI technology - a milestone in creating a Deeptech health care R&D and Supply Chain ecosystem,https://pib.gov.in/PressReleasePage.aspx?PRID=1894162
2023-01-23,ITDC,Unknown,Ministry of Ayush signed MoU with ITDC for Promotion of Medical Value travel in India,https://pib.gov.in/PressReleasePage.aspx?PRID=1893027
2023-01-20,MNRE,Unknown,"IREDA signs MoU with MNRE, setting annual performance target for the year 2022-23",https://pib.gov.in/PressReleasePage.aspx?PRID=1892391
2023-01-16,Government of Tripura,Unknown,NTPC REL signs MoU with Government of Tripura for collaboration in Renewable Energy Development,https://pib.gov.in/PressReleasePage.aspx?PRID=1891602
2022-12-28,Amazon,Private/MNC,NESTS of Tribal Affairs Ministry partners with Amazon for two-days’ capacity building programme for EMRS teachers for Future Engineer Program,https://pib.gov.in/PressReleasePage.aspx?PRID=1887065
2022-12-16,NIT Manipur,Unknown,NHIDCL signs MoU with NIT Manipur,https://pib.gov.in/PressReleasePage.aspx?PRID=1884114
2022-12-14,DSNLU,Unknown,"IICA signs MoU with DSNLU to collaborate for offering Courses, Research and Publications, Advancement of Knowledge, Capacity Building, Awareness and Advocacy",https://pib.gov.in/PressReleasePage.aspx?PRID=1883493
2022-12-07,Walmart,Unknown,NSIC signs MoU with Walmart,https://pib.gov.in/PressReleasePage.aspx?PRID=1881341
2022-12-06,Ministry of Power,Unknown,PFC signs MoU with Ministry of Power for FY 2022-23,https://pib.gov.in/PressReleasePage.aspx?PRID=1881368
2022-12-01,PFC,Unknown,REC signs MoU with PFC for FY 2022-23,https://pib.gov.in/PressReleasePage.aspx?PRID=1880202
2022-11-25,Kathakar under Azadi ka Amrit Mahotsav,Unknown,Ministry of Culture partners with Kathakar under Azadi ka Amrit Mahotsav to take storytelling among the people.,https://pib.gov.in/PressReleasePage.aspx?PRID=1878865
2022-10-31,Technical institutions,Unknown,Bureau of Indian Standards signs MoU with Technical institutions for active engagement of academia in standards formulation,https://pib.gov.in/PressReleasePage.aspx?PRID=1872421
2022-10-30,FIFA and AIFF,Unknown,Shri Dharmendra Pradhan signs MoU with FIFA and AIFF for implementing Football4Schools initiative in India,https://pib.gov.in/PressReleasePage.aspx?PRID=1872058
2022-10-28,Perdaman,Unknown,"NSDC International partners with Perdaman to enhance India Australia trade in Innovation, Skills and Education",https://pib.gov.in/PressReleasePage.aspx?PRID=1871654
2022-10-27,NALSAR,Unknown,"IICA signs MoU with NALSAR to collaborate for offering Courses, Research and Publications, Advancement of Knowledge, Capacity Building, Awareness and Advocacy",https://pib.gov.in/PressReleasePage.aspx?PRID=1871503
2022-10-14,IIT Patna,Unknown,NHIDCL signs MoU with IIT Patna,https://pib.gov.in/PressReleasePage.aspx?PRID=1867621
2022-10-07,Testing,Unknown,"Bureau of Indian Standards signs MoU with Testing, Inspection, Certification Council",https://pib.gov.in/PressReleasePage.aspx?PRID=1865818
2022-09-21,Bank of Baroda and HDFC Bank,Unknown,Ministry of Defence signs MoU with Bank of Baroda and HDFC Bank to expand the reach of SPARSH initiative,https://pib.gov.in/PressReleasePage.aspx?PRID=1861173
2022-08-26,Sweden,Unknown,AAI signs MoU with Sweden to facilitate smart and sustainable aviation technology collaboration,https://pib.gov.in/PressReleasePage.aspx?PRID=1854596
2022-08-24,National Health Authority,Unknown,Ministry of Social Justice and Empowerment signed a MoU with National Health Authority,https://pib.gov.in/PressReleasePage.aspx?PRID=1854141
2022-08-23,National Health Authority tomorrow,Unknown,Ministry of Social Justice and Empowerment will be signing an MoU with National Health Authority tomorrow,https://pib.gov.in/PressReleasePage.aspx?PRID=1853910
2022-08-22,MAHAPREIT,Unknown,IREDA signs MoU with MAHAPREIT to provide loans for Green Energy projects,https://pib.gov.in/PressReleasePage.aspx?PRID=1853602
2022-07-20,DVC,Unknown,NHPC signs MoU with DVC for exploring and setting up Hydropower and Pump Storage Projects,https://pib.gov.in/PressReleasePage.aspx?PRID=1843220
2022-07-01,IIM,Unknown,"IIE, Guwahati signs MoU with IIM, Shillong to boost Entrepreneurship Ecosystem in the North Eastern Region",https://pib.gov.in/PressReleasePage.aspx?PRID=1838602
2022-06-03,IMD,Unknown,POSOCO signs MoU with IMD for better electricity grid management,https://pib.gov.in/PressReleasePage.aspx?PRID=1830835
2022-05-25,Delhi School of Management,Unknown,NICSI signs MoU with Delhi School of Management for R&D management and Consultancy in e-Governance,https://pib.gov.in/PressReleasePage.aspx?PRID=1828170
2022-05-12,UNDP,Unknown,"Ministry of Agriculture and Farmers Welfare signs MoU with UNDP for strategic partnership on Agriculture, Crop Insurance and Credit",https://pib.gov.in/PressReleasePage.aspx?PRID=1824812
2022-05-09,MHA,Unknown,SECI signs MoU with MHA to set up Solar Energy panels,https://pib.gov.in/PressReleasePage.aspx?PRID=1823829
2022-05-06,Association,Unknown,Railway Protection Force (RPF) signs MoU with Association for Voluntary Action (AVA) for a trafficking free nation,https://pib.gov.in/PressReleasePage.aspx?PRID=1823247
2022-03-31,DMRC,Unknown,CPWD has signed a MoU with DMRC to plan and execute an Underground Metro loop corridor in the Central Vista,https://pib.gov.in/PressReleasePage.aspx?PRID=1811881
2022-03-25,MoRD,Unknown,IIE signs MoU with MoRD to enhance the impact of the Start-up Village Entrepreneurship Programme (SVEP),https://pib.gov.in/PressReleasePage.aspx?PRID=1809501
2022-03-24,Tata Steel and LoI with BASF,Unknown,Indo-German Science and Technology Centre (IGSTC) signs MoU with Tata Steel and LoI with BASF for Scientific cooperation & partnerships,https://pib.gov.in/PressReleasePage.aspx?PRID=1809170
2022-03-19,IIT Kharagpur,Unknown,NMDC signs MoU with IIT Kharagpur for Drone-Based Mineral Exploration,https://pib.gov.in/PressReleasePage.aspx?PRID=1807236
2022-03-15,GRSE,Unknown,Boost to atmanirbharta: BRO signs MoU with GRSE for construction of 27 double-lane class 70 modular bridges in border areas,https://pib.gov.in/PressReleasePage.aspx?PRID=1806285
2022-03-10,IIT Roorkee,Unknown,Bureau of Indian Standards signs MoU with IIT Roorkee for establishment of ‘BIS Standardization Chair Professor’,https://pib.gov.in/PressReleasePage.aspx?PRID=1804819
2022-03-07,Ministry of Rural Development,Unknown,NIESBUD signs an MoU with Ministry of Rural Development for implementing the Start-up Village Entrepreneurship Programme,https://pib.gov.in/PressReleasePage.aspx?PRID=1803474
2022-01-18,IGNOU,Unknown,Ministry of Skill Development & Entrepreneurship signs an MoU with IGNOU to link vocational education and training with higher education,https://pib.gov.in/PressReleasePage.aspx?PRID=1790778
2021-12-20,ICCR,Unknown,Prasar Bharati signs MoU with ICCR to promote Indian Culture,https://pib.gov.in/PressReleasePage.aspx?PRID=1783407
2021-12-10,IITE,Unknown,"Ministry of Defence signs MoU with IITE, Gandhinagar for training of 800 Sainik School teachers",https://pib.gov.in/PressReleasePage.aspx?PRID=1780103
2021-11-02,Flipkart,Unknown,Ministry of Rural Development signs MoU with Flipkart,https://pib.gov.in/PressReleasePage.aspx?PRID=1768894
2021-10-14,GB Pant University of Agriculture and Technology,Unknown,"APEDA signs MoU with GB Pant University of Agriculture and Technology, Pantnagar for boosting agri-exports from Uttarakhand",https://pib.gov.in/PressReleasePage.aspx?PRID=1763978
2021-10-11,ICAR-Central Citrus Research Institute,Unknown,"APEDA signs MoU with ICAR-Central Citrus Research Institute, Nagpur for boosting exports of citrus and its valued-added products.",https://pib.gov.in/PressReleasePage.aspx?PRID=1762963
2021-09-10,Grace Cancer Foundation,Unknown,"NMDC partners with Grace Cancer Foundation for Freedom Run 2021, as part of its celebrations of AzadiKaAmritMahotsav",https://pib.gov.in/PressReleasePage.aspx?PRID=1753780
2021-09-01,SAIARD,Unknown,NMCG signs MoU with SAIARD for ‘Capacity Building on Integrated River Basin Management with a focus on Geospatial Technology in Riverine Ecosystem’,https://pib.gov.in/PressReleasePage.aspx?PRID=1751164
2021-08-26,Cisco,Unknown,NITI Aayog partners with Cisco to foster women entrepreneurship in India,https://pib.gov.in/PressReleasePage.aspx?PRID=1749197
2021-07-19,DMG,Unknown,"MECL signs MoU with DMG, Goa",https://pib.gov.in/PressReleasePage.aspx?PRID=1736913
2021-07-16,BPR&D,Unknown,NCW signs MoU with BPR&D for Nation-Wide,https://pib.gov.in/PressReleasePage.aspx?PRID=1736188
2021-07-13,UT of Ladakh and LAHDC,Unknown,Union Power Minister Shri R. K. Singh congratulates NTPC for signing MoU with UT of Ladakh and LAHDC to set up country’s first Green Hydrogen Mobility Project,https://pib.gov.in/PressReleasePage.aspx?PRID=1735083
2021-07-01,Microsoft,Unknown,Arun Jaitley National Institute of Financial Management (AJNIFM) partners with Microsoft to build an AI and Emerging Technologies Centre of Excellence,https://pib.gov.in/PressReleasePage.aspx?PRID=1731960
2021-06-29,Intel India,Unknown,SERB-DST partners with Intel India to launch first-of-its-kind initiative to advance deep tech-based research in India,https://pib.gov.in/PressReleasePage.aspx?PRID=1731187
2021-05-31,Molekule,Unknown,"DST supported SAIF facility at Panjab University partners with Molekule, USA, to donate air purification units to hospitals in India",https://pib.gov.in/PressReleasePage.aspx?PRID=1723123
2021-04-14,Microsoft,Unknown,Union Ministry of Agriculture signs MoU with Microsoft for a pilot project in 100 villages of 6 states,https://pib.gov.in/PressReleasePage.aspx?PRID=1711877
2021-03-22,Government of Denmark,Unknown,United Nations Office for Project Services partners with Government of Denmark to support Jal Jeevan Mission in Bundelkhand& Vindhya region of UP,https://pib.gov.in/PressReleasePage.aspx?PRID=1706652
2021-03-22,Government of Arunachal Pradesh,Unknown,TRIFED signs MoU with Government of Arunachal Pradesh for The Implementation of MSP for MFP Scheme and Van Dhan Yojana,https://pib.gov.in/PressReleasePage.aspx?PRID=1706675
2021-03-15,Aster DM Healthcare,Unknown,Atal Innovation Mission partners with Aster DM Healthcare to transform Health Care Innovations in India,https://pib.gov.in/PressReleasePage.aspx?PRID=1704948
2021-03-07,Central Silk Board,Unknown,"Ministry of Agriculture and Farmers Welfare signs MoU with Central Silk Board, Ministry of Textiles for promotion of Agroforestry in Silk Sector",https://pib.gov.in/PressReleasePage.aspx?PRID=1703050
2021-02-09,IGNOU,Unknown,Investor Education and Protection Fund Authority signs MoU with IGNOU for utilising tele lecturing facility of Gyan Darshan channel,https://pib.gov.in/PressReleasePage.aspx?PRID=1696619
2021-02-04,MIDHANI,Unknown,HAL signs MoU with MIDHANI to develop and manufacture composite raw materials,https://pib.gov.in/PressReleasePage.aspx?PRID=1695265
2020-12-22,Bank of Baroda,Unknown,Indian Army signs MoU with Bank of Baroda for new 'Baroda Military Salary Package',https://pib.gov.in/PressReleasePage.aspx?PRID=1682633
2020-12-10,Embassy of Denmark,Unknown,Atal Innovation Mission NITI Aayog partners with Embassy of Denmark to launch the Challenges for Innovative solutions for water management in India,https://pib.gov.in/PressReleasePage.aspx?PRID=1681251
2020-12-09,Austria on Technology Cooperation,Unknown,MoRTH signs MoU with Austria on Technology Cooperation in Road Infrastructure Sector,https://pib.gov.in/PressReleasePage.aspx?PRID=1679441
2020-12-07,IIFM,Unknown,"NTPC signs MoU with IIFM, Bhopal for Narmada Landscape Restoration Project",https://pib.gov.in/PressReleasePage.aspx?PRID=1678820
2020-12-07,IREDA,Unknown,SJVN signs MoU with IREDA for Green Energy Projects,https://pib.gov.in/PressReleasePage.aspx?PRID=1678841
2020-12-07,IREDA,Unknown,SJVN signs MoU with IREDA for Green Energy Projects,https://pib.gov.in/PressReleasePage.aspx?PRID=1678852
2020-11-06,SBI YONO Krishi App,Unknown,IFFCO Bazar partners with SBI YONO Krishi App,https://pib.gov.in/PressReleasePage.aspx?PRID=1670638
2020-11-04,Bhaskaracharya National Institute,Unknown,Prasar Bharati signs MoU with Bhaskaracharya National Institute for Space Applications and Geo-Informatics,https://pib.gov.in/PressReleasePage.aspx?PRID=1670003
2020-11-02,MNRE,Unknown,"IREDA signs MoU with MNRE, setting key targets for the year 2020-21",https://pib.gov.in/PressReleasePage.aspx?PRID=1669546
2020-09-30,Power Ministry detailing targets,Unknown,NTPC signs MoU with Power Ministry detailing targets for FY 2020-21,https://pib.gov.in/PressReleasePage.aspx?PRID=1660256
2020-09-30,Ministry of Power,Unknown,"SJVN signs MoU with Ministry of Power, Govt. of India detailing targets for year 2020-21",https://pib.gov.in/PressReleasePage.aspx?PRID=1660312
2020-09-30,Ministry of Power,Unknown,"POWERGRID signs MoU with Ministry of Power, Govt. of India detailing targets for year 2020-21",https://pib.gov.in/PressReleasePage.aspx?PRID=1660394
2020-09-29,Govt,Unknown,PFC signs MoU with Govt. of India detailing targets for FY 2020-21,https://pib.gov.in/PressReleasePage.aspx?PRID=1660015
2020-09-29,Power Ministry detailing targets,Unknown,NHPC signs MoU with Power Ministry detailing targets for the year 2020-21,https://pib.gov.in/PressReleasePage.aspx?PRID=1660115
2020-09-20,Ministry of AYUSH,Unknown,Ministry of Women and Child Development signs MoU with Ministry of AYUSH for integration of AYUSH systems with ongoing nutrition interventions under the ICDS program,https://pib.gov.in/PressReleasePage.aspx?PRID=1656966
2020-08-20,India-Sweden Healthcare Innovation Centre,Unknown,Atal Innovation Mission partners with India-Sweden Healthcare Innovation Centre to expand Start-up ecosystem,https://pib.gov.in/PressReleasePage.aspx?PRID=1647387
2020-07-20,UNICEF,Unknown,Ministry of Youth Affairs and Sports partners with UNICEF to strengthen resolve to mobilise 1 crore youth volunteers to achieve goals of Atmanirbhar Bharat,https://pib.gov.in/PressReleasePage.aspx?PRID=1639995
2020-06-20,Coal India Ltd,Unknown,Atal Innovation Mission partners with Coal India Ltd to boost its Innovation & Entrepreneurship initiatives,https://pib.gov.in/PressReleasePage.aspx?PRID=1632873
2020-05-26,NBPCL,Unknown,"PFC signs MoU with NBPCL to fund projects worth ₹ 22,000 crore for 225 MW hydro-electric projects & Multipurpose projects in Madhya Pradesh",https://pib.gov.in/PressReleasePage.aspx?PRID=1626940
2020-03-18,SFAC,Unknown,APEDA signs MoU with SFAC,https://pib.gov.in/PressReleasePage.aspx?PRID=1606913
2020-02-14,Ministry of Skill Development & Entrepreneurship,Unknown,WCD Ministry partners with Ministry of Skill Development & Entrepreneurship for Skilling of Women & Children,https://pib.gov.in/PressReleasePage.aspx?PRID=1603208
2020-01-17,Ministry of Parliamentary Affairs,Unknown,Ministry of HRD to partner with Ministry of Parliamentary Affairs for Online Youth Parliament Programme to commemorate 70th anniversary of Indian Constitution,https://pib.gov.in/PressReleasePage.aspx?PRID=1599714
2020-01-13,RailTel,PSU/CPSE,Indian Railways signs MoU with RailTel for Phase 2 of e-Office Execution,https://pib.gov.in/PressReleasePage.aspx?PRID=1599223
2019-12-19,University of Birmingham,Unknown,Ministry of Railways signs MoU with University of Birmingham for establishment of Centre of Excellence for Next Generation Transportation Systems,https://pib.gov.in/PressReleasePage.aspx?PRID=1596945
2019-12-05,KVIC on promotion of honey production Khadi outlets,Unknown,CSIR signs MoU with KVIC on promotion of honey production Khadi outlets to also display CSIR products,https://pib.gov.in/PressReleasePage.aspx?PRID=1595030
2019-12-05,BHEL,Unknown,CSIR signs MoU with BHEL to push ‘Make in India’ initiative,https://pib.gov.in/PressReleasePage.aspx?PRID=1595045
2019-12-03,Department,Unknown,"Ministry of Railways signs an MoU with Department for International Development (DFID), United Kingdom",https://pib.gov.in/PressReleasePage.aspx?PRID=1594713
2019-11-27,Ministry of food Processing Industries,Unknown,WCD Ministry signs MoU with Ministry of food Processing Industries,https://pib.gov.in/PressReleasePage.aspx?PRID=1593695
2019-11-21,Solidaridad Multi-Stakeholder Platform,Unknown,NMCG partners with Solidaridad Multi-Stakeholder Platform for sustainable growth of Kanpur-Unnao leather Cluster,https://pib.gov.in/PressReleasePage.aspx?PRID=1592939
2019-11-19,KSTDC,Unknown,IRCTC signs an MoU with KSTDC to run the Golden Chariot Train,https://pib.gov.in/PressReleasePage.aspx?PRID=1592207
2019-11-01,Indian Bank and Canara Bank,Unknown,GeM partners with Indian Bank and Canara Bank for payment related services,https://pib.gov.in/PressReleasePage.aspx?PRID=1589931
2019-08-26,Ministry of Social Justice & Empowerment,Unknown,Health Ministry signs MoU with Ministry of Social Justice & Empowerment for enhanced outreach on HIV/AIDS prevention,https://pib.gov.in/PressReleasePage.aspx?PRID=1583055
2019-03-27,India and take advantage of the opp,Unknown,President of India addresses Croatian-Indian Economic Forum as well as students of University of Zagreb on the final day of his state visit to Croatia; invites Croatia to partner with India and take advantage of the opp...,https://pib.gov.in/PressReleasePage.aspx?PRID=1569676
2019-02-27,Adobe,Unknown,NITI Aayog’s Atal Innovation Mission partners with Adobe to enhance creativity in ATL Schools,https://pib.gov.in/PressReleasePage.aspx?PRID=1566519
2019-02-25,Himachal Pradesh Government,Unknown,FAGMIL signs MoU with Himachal Pradesh Government to establish Rs. 605 crores White cement Plant Project,https://pib.gov.in/PressReleasePage.aspx?PRID=1566246
2019-02-22,CPWD,Unknown,HAL signs MoU with CPWD,https://pib.gov.in/PressReleasePage.aspx?PRID=1565986
2019-02-04,Ministry of Energy,Unknown,"Ministry of Coal signs an MoU with Ministry of Energy, Republic of Poland",https://pib.gov.in/PressReleasePage.aspx?PRID=1562612
2019-01-29,National Council of Applied Economic Research,Unknown,Ministry of Statistics and Programme Implementation signs a MoU with National Council of Applied Economic Research for improving the official statistical system in the country,https://pib.gov.in/PressReleasePage.aspx?PRID=1561760
2019-01-23,KIAPI,Unknown,ICAT signs MoU with KIAPI for Indian Certification of safety critical components,https://pib.gov.in/PressReleasePage.aspx?PRID=1561156
2018-10-11,ISRO,Unknown,Central University of Jammu signs MoU with ISRO to set up Space Applications Center,https://pib.gov.in/PressReleasePage.aspx?PRID=1549475
2018-09-28,Google,Unknown,Locate Public Toilets on Google Maps MoHUA partners with Google to launch #LooReview Campaign,https://pib.gov.in/PressReleasePage.aspx?PRID=1547869
2018-09-20,Dell and Tata Trusts,Unknown,Health Ministry partners with Dell and Tata Trusts to provide technology solution for a nationwide healthcare program,https://pib.gov.in/PressReleasePage.aspx?PRID=1546852
2018-09-20,ISRO,Unknown,MHA signs MoU with ISRO to set up an Integrated Control Room for Emergency Response,https://pib.gov.in/PressReleasePage.aspx?PRID=1546870
2018-09-20,ISRO,Unknown,MHA signs MoU with ISRO to set up an Integrated Control Room for Emergency Response,https://pib.gov.in/PressReleasePage.aspx?PRID=1546871
2018-07-31,Ministry of Electronics and Information Technology,Unknown,Health Ministry signs MoU with Ministry of Electronics and Information Technology to facilitate access of AB–NHPM to the last mile,https://pib.gov.in/PressReleasePage.aspx?PRID=1540931
2018-06-29,GNFC Ltd,Unknown,NITI Aayog partners with GNFC Ltd to implement Fertilizer Subsidy Disbursement through Blockchain Technology,https://pib.gov.in/PressReleasePage.aspx?PRID=1537221
2018-05-29,Government of Uttar Pradesh,Unknown,"Ministry of Women and Child Development, Government of India signs an MoU with Government of Uttar Pradesh",https://pib.gov.in/PressReleasePage.aspx?PRID=1533783
2018-02-06,Ministry of Ayush,Unknown,Ministry of Railways signs MoU with Ministry of Ayush to augment Ayush services in Railway hospitals.,https://pib.gov.in/PressReleasePage.aspx?PRID=1519333
2018-02-02,Russian firm,Unknown,Cochin Shipyard Limited signs MoU with Russian firm for development of vessels,https://pib.gov.in/PressReleasePage.aspx?PRID=1518926
2018-01-25,IL&FS,Unknown,Ministry of Road Transport & Highways signs MoU with IL&FS for construction of Zojila tunnel,https://pib.gov.in/PressReleasePage.aspx?PRID=1517740
2018-01-10,Transport,Unknown,Ministry of Road Transport & Highways signs MoU with Transport for London to revamp public transport system in the country,https://pib.gov.in/PressReleasePage.aspx?PRID=1516196
2017-11-28,Airbnb,Unknown,Skill India partners with Airbnb to Upskill Hospitality Entrepreneurs,https://pib.gov.in/PressReleasePage.aspx?PRID=1511119
2017-11-20,Government of India under UDAY Scheme,Unknown,"Nagaland, Andaman & Nicobar Islands, Dadra & Nagar Haveli & Daman & Diu sign MoU with Government of India under UDAY Scheme",https://pib.gov.in/PressReleasePage.aspx?PRID=1510252
2017-10-03,IIT Roorkee and MNNIT Allahabad,Unknown,CWC sign MoU with IIT Roorkee and MNNIT Allahabad to support capacity building in dam safety areas under dam rehabilitation and improvement project,https://pib.gov.in/PressReleasePage.aspx?PRID=1504579
2017-07-24,Govt,Unknown,Airport Authority of India signs MoU with Govt. of Uttarakhand for development for aviation sector in the State,https://pib.gov.in/PressReleasePage.aspx?PRID=1496914
2017-06-23,HUDCO under new Housing Scheme of EPF & MP Act-1952,Unknown,EPFO signs MoU with HUDCO under new Housing Scheme of EPF & MP Act-1952,https://pib.gov.in/PressReleasePage.aspx?PRID=1493694
2017-06-22,HUDCO under new Housing Scheme of EPF & MP Act-1952,Unknown,EPFO signs MoU with HUDCO under new Housing Scheme of EPF & MP Act-1952,https://pib.gov.in/PressReleasePage.aspx?PRID=1493549
2017-06-13,Ministry of Skill Development,Unknown,GE partners with Ministry of Skill Development to give boost to Skill India Mission; Sources skilled workers for its Greenfield manufacturing base in Bihar,https://pib.gov.in/PressReleasePage.aspx?PRID=1492705
2017-06-03,BIRD ACADEMY,Unknown,NSDC signs MoU with BIRD ACADEMY for skilling of unemployed youth in the aviation and aerospace sector,https://pib.gov.in/PressReleasePage.aspx?PRID=1491684
2017-05-15,TIDCO,Unknown,NHAI signs MoU with TIDCO for Development of Multimodal Logistics Park in Tamil Nadu,https://pib.gov.in/PressReleasePage.aspx?PRID=1489867
