company_name,scheme,first_mentioned,n_source_releases,source_titles,source_urls
AartechSolonics Ltd,iDEX,2023-02-10,1,INNOVATIONS FOR DEFENCE EXCELLENCE SCHEME,https://pib.gov.in/PressReleasePage.aspx?PRID=1897951
AATWRI Aerospace and DefencePvt Ltd,iDEX,2023-02-10,1,INNOVATIONS FOR DEFENCE EXCELLENCE SCHEME,https://pib.gov.in/PressReleasePage.aspx?PRID=1897951
Accurate Industrial Controls Pvt Ltd,iDEX,2023-02-10,1,INNOVATIONS FOR DEFENCE EXCELLENCE SCHEME,https://pib.gov.in/PressReleasePage.aspx?PRID=1897951
ADISAN SYSTEMS LLP,iDEX,2023-02-10,1,INNOVATIONS FOR DEFENCE EXCELLENCE SCHEME,https://pib.gov.in/PressReleasePage.aspx?PRID=1897951
Aditya PrecitechPvt Ltd,iDEX,2023-02-10,1,INNOVATIONS FOR DEFENCE EXCELLENCE SCHEME,https://pib.gov.in/PressReleasePage.aspx?PRID=1897951
Aeron Systems Pvt Ltd,iDEX,2023-02-10,1,INNOVATIONS FOR DEFENCE EXCELLENCE SCHEME,https://pib.gov.in/PressReleasePage.aspx?PRID=1897951
Ag Flex Technologies Pvt Ltd,iDEX,2023-02-10,1,INNOVATIONS FOR DEFENCE EXCELLENCE SCHEME,https://pib.gov.in/PressReleasePage.aspx?PRID=1897951
Agnit Semiconductors Private Limited,iDEX,2023-12-01,1,Aatmanirbhar Bharat: iDEX-DIO signs 300th contract for Defence Innovation in the niche field of Design and Development of Advanced Gallium Nitride Semiconductors,https://pib.gov.in/PressReleasePage.aspx?PRID=1981593
AikairosPvt Ltd,iDEX,2023-02-10,1,INNOVATIONS FOR DEFENCE EXCELLENCE SCHEME,https://pib.gov.in/PressReleasePage.aspx?PRID=1897951
Airbotix Technology Pvt Ltd,iDEX,2023-02-10,1,INNOVATIONS FOR DEFENCE EXCELLENCE SCHEME,https://pib.gov.in/PressReleasePage.aspx?PRID=1897951
Alpha Corpusles Pvt Ltd,BIRAC,2020-05-10,1,"DBT-BIRAC COVID-19 Research Consortium Recommends 70 Proposals for funding in Vaccines, Diagnostics , Therapeutics and other Technologies",https://pib.gov.in/PressReleasePage.aspx?PRID=1622757
Alpha Design Technologies Pvt Ltd,iDEX,2023-02-10,1,INNOVATIONS FOR DEFENCE EXCELLENCE SCHEME,https://pib.gov.in/PressReleasePage.aspx?PRID=1897951
Altair Infrasec Pvt Ltd,iDEX,2022-12-21,2,Aatmanirbhar Bharat: iDEX-DIO signs 150th contract for defence innovation on Expendable Mobile Anti-Submarine Warfare Training Target capable of simulating sound & movement of a submarine || INNOVATIONS FOR DEFENCE EXCELLENCE SCHEME,https://pib.gov.in/PressReleasePage.aspx?PRID=1885420 || https://pib.gov.in/PressReleasePage.aspx?PRID=1897951
Ancor Research Labs LLP,iDEX,2023-02-10,1,INNOVATIONS FOR DEFENCE EXCELLENCE SCHEME,https://pib.gov.in/PressReleasePage.aspx?PRID=1897951
Antsys Innovations Pvt Ltd,iDEX,2023-02-10,1,INNOVATIONS FOR DEFENCE EXCELLENCE SCHEME,https://pib.gov.in/PressReleasePage.aspx?PRID=1897951
Anvation Labs Pvt Ltd,iDEX,2023-02-10,1,INNOVATIONS FOR DEFENCE EXCELLENCE SCHEME,https://pib.gov.in/PressReleasePage.aspx?PRID=1897951
Apt Software Avenues Pvt Ltd,iDEX,2023-02-10,1,INNOVATIONS FOR DEFENCE EXCELLENCE SCHEME,https://pib.gov.in/PressReleasePage.aspx?PRID=1897951
Arbudamba Consultancy Pvt Ltd,iDEX,2023-02-10,1,INNOVATIONS FOR DEFENCE EXCELLENCE SCHEME,https://pib.gov.in/PressReleasePage.aspx?PRID=1897951
Armor Grandeur Pvt Ltd,iDEX,2023-02-10,1,INNOVATIONS FOR DEFENCE EXCELLENCE SCHEME,https://pib.gov.in/PressReleasePage.aspx?PRID=1897951
Astrome Tech Pvt Ltd,iDEX,2023-06-09,1,INDIAN ARMY SIGNS CONTRACT FOR PROCUREMENT OF ‘TACTICAL LAN RADIO’ THROUGH INNOVATIONS FOR DEFENCE EXCELLENCE (IDEX),https://pib.gov.in/PressReleasePage.aspx?PRID=1931075
Astrome Technologies Pvt Ltd,iDEX,2023-02-10,1,INNOVATIONS FOR DEFENCE EXCELLENCE SCHEME,https://pib.gov.in/PressReleasePage.aspx?PRID=1897951
Astromeda Space Pvt Ltd,iDEX,2023-02-10,1,INNOVATIONS FOR DEFENCE EXCELLENCE SCHEME,https://pib.gov.in/PressReleasePage.aspx?PRID=1897951
ATX Systems Pvt Ltd,iDEX,2023-02-10,1,INNOVATIONS FOR DEFENCE EXCELLENCE SCHEME,https://pib.gov.in/PressReleasePage.aspx?PRID=1897951
Avgarde Systems Pvt Ltd,iDEX,2023-02-10,1,INNOVATIONS FOR DEFENCE EXCELLENCE SCHEME,https://pib.gov.in/PressReleasePage.aspx?PRID=1897951
BalaAatral Solutions Pvt Ltd,iDEX,2023-02-10,1,INNOVATIONS FOR DEFENCE EXCELLENCE SCHEME,https://pib.gov.in/PressReleasePage.aspx?PRID=1897951
Big Bang Boom Solutions Pvt Ltd,iDEX,2023-02-10,1,INNOVATIONS FOR DEFENCE EXCELLENCE SCHEME,https://pib.gov.in/PressReleasePage.aspx?PRID=1897951
Big Cat Wireless Pvt Ltd,iDEX,2023-02-10,1,INNOVATIONS FOR DEFENCE EXCELLENCE SCHEME,https://pib.gov.in/PressReleasePage.aspx?PRID=1897951
Bigtec Pvt Ltd,BIRAC,2020-04-20,1,DBT-BIRAC Call on COVID-19 Research Consortium,https://pib.gov.in/PressReleasePage.aspx?PRID=1616289
Blurgs Innovations Private Limited,iDEX,2023-02-10,2,INNOVATIONS FOR DEFENCE EXCELLENCE SCHEME || Aatmanirbhar Bharat: iDEX-DIO signs 300th contract for Defence Innovation in the niche field of Design and Development of Advanced Gallium Nitride Semiconductors,https://pib.gov.in/PressReleasePage.aspx?PRID=1897951 || https://pib.gov.in/PressReleasePage.aspx?PRID=1981593
Brisk Olive Business Solutions Pvt Ltd,iDEX,2023-02-10,1,INNOVATIONS FOR DEFENCE EXCELLENCE SCHEME,https://pib.gov.in/PressReleasePage.aspx?PRID=1897951
Carenow Medical Pvt Ltd,BIRAC,2026-02-11,1,"PARLIAMENT QUESTION: DBT GRANTS UNDER BIRAC, BIONEST AND BIOTECH HUBS",https://pib.gov.in/PressReleasePage.aspx?PRID=2226279
Chipspirit Technologies Pvt Ltd,iDEX,2023-02-10,1,INNOVATIONS FOR DEFENCE EXCELLENCE SCHEME,https://pib.gov.in/PressReleasePage.aspx?PRID=1897951
Cisgen Biotech Discoveries Private Limited,BIRAC,2026-02-11,1,"PARLIAMENT QUESTION: DBT GRANTS UNDER BIRAC, BIONEST AND BIOTECH HUBS",https://pib.gov.in/PressReleasePage.aspx?PRID=2226279
Cogknit Semantics Pvt Ltd,iDEX,2023-02-10,1,INNOVATIONS FOR DEFENCE EXCELLENCE SCHEME,https://pib.gov.in/PressReleasePage.aspx?PRID=1897951
Collaborative Intelligence Pvt Ltd,iDEX,2023-02-10,1,INNOVATIONS FOR DEFENCE EXCELLENCE SCHEME,https://pib.gov.in/PressReleasePage.aspx?PRID=1897951
Compiler AI Labs Pvt Ltd,iDEX,2023-02-10,1,INNOVATIONS FOR DEFENCE EXCELLENCE SCHEME,https://pib.gov.in/PressReleasePage.aspx?PRID=1897951
Coratia Technologies Pvt Ltd,iDEX,2023-02-10,1,INNOVATIONS FOR DEFENCE EXCELLENCE SCHEME,https://pib.gov.in/PressReleasePage.aspx?PRID=1897951
Cormeum Technologies Pvt Ltd,iDEX,2023-02-10,1,INNOVATIONS FOR DEFENCE EXCELLENCE SCHEME,https://pib.gov.in/PressReleasePage.aspx?PRID=1897951
Crimson Energy Experts Pvt Ltd,iDEX,2023-02-10,1,INNOVATIONS FOR DEFENCE EXCELLENCE SCHEME,https://pib.gov.in/PressReleasePage.aspx?PRID=1897951
CYRAN AI Solutions Pvt Ltd,iDEX,2023-02-10,1,INNOVATIONS FOR DEFENCE EXCELLENCE SCHEME,https://pib.gov.in/PressReleasePage.aspx?PRID=1897951
Cyronics Innovation Labs Pvt Ltd,iDEX,2023-02-10,1,INNOVATIONS FOR DEFENCE EXCELLENCE SCHEME,https://pib.gov.in/PressReleasePage.aspx?PRID=1897951
Dhiti Life Sciences Pvt Ltd,BIRAC,2020-04-20,1,DBT-BIRAC Call on COVID-19 Research Consortium,https://pib.gov.in/PressReleasePage.aspx?PRID=1616289
Dilabs Systems Pvt Ltd,iDEX,2023-02-10,1,INNOVATIONS FOR DEFENCE EXCELLENCE SCHEME,https://pib.gov.in/PressReleasePage.aspx?PRID=1897951
Dimension NXG Pvt Ltd,iDEX,2023-02-10,1,INNOVATIONS FOR DEFENCE EXCELLENCE SCHEME,https://pib.gov.in/PressReleasePage.aspx?PRID=1897951
Edgeforce Solutions Pvt Ltd,iDEX,2023-02-10,1,INNOVATIONS FOR DEFENCE EXCELLENCE SCHEME,https://pib.gov.in/PressReleasePage.aspx?PRID=1897951
Elmot Alternators Pvt Ltd,iDEX,2023-02-10,1,INNOVATIONS FOR DEFENCE EXCELLENCE SCHEME,https://pib.gov.in/PressReleasePage.aspx?PRID=1897951
EON Space Labs LLP,iDEX,2023-02-10,1,INNOVATIONS FOR DEFENCE EXCELLENCE SCHEME,https://pib.gov.in/PressReleasePage.aspx?PRID=1897951
Exact Space Technologies Pvt Ltd,iDEX,2023-02-10,1,INNOVATIONS FOR DEFENCE EXCELLENCE SCHEME,https://pib.gov.in/PressReleasePage.aspx?PRID=1897951
FC TecNrgyPvt Ltd,iDEX,2023-02-10,1,INNOVATIONS FOR DEFENCE EXCELLENCE SCHEME,https://pib.gov.in/PressReleasePage.aspx?PRID=1897951
Fermentech Gsv Private Limited,BIRAC,2026-02-11,1,"PARLIAMENT QUESTION: DBT GRANTS UNDER BIRAC, BIONEST AND BIOTECH HUBS",https://pib.gov.in/PressReleasePage.aspx?PRID=2226279
FleetRFPvt Ltd,iDEX,2023-02-10,1,INNOVATIONS FOR DEFENCE EXCELLENCE SCHEME,https://pib.gov.in/PressReleasePage.aspx?PRID=1897951
FluturaBuisness Solutions Pvt Ltd,iDEX,2023-02-10,1,INNOVATIONS FOR DEFENCE EXCELLENCE SCHEME,https://pib.gov.in/PressReleasePage.aspx?PRID=1897951
Geocon Smart Systems Pvt Ltd,iDEX,2023-02-10,1,INNOVATIONS FOR DEFENCE EXCELLENCE SCHEME,https://pib.gov.in/PressReleasePage.aspx?PRID=1897951
GoFloat Technologies Pvt Ltd,iDEX,2023-02-10,1,INNOVATIONS FOR DEFENCE EXCELLENCE SCHEME,https://pib.gov.in/PressReleasePage.aspx?PRID=1897951
Gurutvaa Systems Pvt Ltd,iDEX,2023-02-10,1,INNOVATIONS FOR DEFENCE EXCELLENCE SCHEME,https://pib.gov.in/PressReleasePage.aspx?PRID=1897951
Gyan Data Pvt Ltd,iDEX,2023-02-10,1,INNOVATIONS FOR DEFENCE EXCELLENCE SCHEME,https://pib.gov.in/PressReleasePage.aspx?PRID=1897951
HW Design Labs OPC Pvt Ltd,iDEX,2023-02-10,1,INNOVATIONS FOR DEFENCE EXCELLENCE SCHEME,https://pib.gov.in/PressReleasePage.aspx?PRID=1897951
Hyper Stealth Technologies Pvt Ltd,iDEX,2023-02-10,2,INNOVATIONS FOR DEFENCE EXCELLENCE SCHEME || INDIAN ARMY TAKES LEAD IN AWARDING FIRST CONTRACT FOR IDEX PROJECT AS PER THE REVISED PROCEDURE,https://pib.gov.in/PressReleasePage.aspx?PRID=1897951 || https://pib.gov.in/PressReleasePage.aspx?PRID=1906830
Inferigence Quotient Pvt Ltd,iDEX,2023-02-10,1,INNOVATIONS FOR DEFENCE EXCELLENCE SCHEME,https://pib.gov.in/PressReleasePage.aspx?PRID=1897951
InnAccel Technologies Pvt. Ltd,BIRAC,2022-01-12,1,DBT-BIRAC supported start-ups InnAccel and NIRAMAI have received World Bank Group and the Consumer Technology Association's Global Women's HealthTech Awards,https://pib.gov.in/PressReleasePage.aspx?PRID=1789344
Innefu Labs Pvt Ltd,iDEX,2023-02-10,1,INNOVATIONS FOR DEFENCE EXCELLENCE SCHEME,https://pib.gov.in/PressReleasePage.aspx?PRID=1897951
Instron Technologies LLP,iDEX,2023-02-10,1,INNOVATIONS FOR DEFENCE EXCELLENCE SCHEME,https://pib.gov.in/PressReleasePage.aspx?PRID=1897951
Iotina Technologies Pvt Ltd,iDEX,2023-02-10,1,INNOVATIONS FOR DEFENCE EXCELLENCE SCHEME,https://pib.gov.in/PressReleasePage.aspx?PRID=1897951
IROV Technologies Pvt Ltd,iDEX,2023-02-10,1,INNOVATIONS FOR DEFENCE EXCELLENCE SCHEME,https://pib.gov.in/PressReleasePage.aspx?PRID=1897951
KidEx Venture Private Limited,iDEX,2022-03-10,1,"Atal Innovation Mission, NITI Aayog & KidEx collaborate to promote innovation & entrepreneurship",https://pib.gov.in/PressReleasePage.aspx?PRID=1804813
LaunchtraxPvt Ltd,iDEX,2023-02-10,1,INNOVATIONS FOR DEFENCE EXCELLENCE SCHEME,https://pib.gov.in/PressReleasePage.aspx?PRID=1897951
Lekha Wireless Solutions Pvt Ltd,iDEX,2023-02-10,1,INNOVATIONS FOR DEFENCE EXCELLENCE SCHEME,https://pib.gov.in/PressReleasePage.aspx?PRID=1897951
Levim Biotech LLP,BIRAC,2026-02-11,1,"PARLIAMENT QUESTION: DBT GRANTS UNDER BIRAC, BIONEST AND BIOTECH HUBS",https://pib.gov.in/PressReleasePage.aspx?PRID=2226279
Logic Fruit Technologies Pvt Ltd,iDEX,2023-02-10,1,INNOVATIONS FOR DEFENCE EXCELLENCE SCHEME,https://pib.gov.in/PressReleasePage.aspx?PRID=1897951
MagGenome Technologies Pvt Ltd,BIRAC,2020-04-20,1,DBT-BIRAC Call on COVID-19 Research Consortium,https://pib.gov.in/PressReleasePage.aspx?PRID=1616289
Meander Spectra Pvt Ltd,iDEX,2023-02-10,1,INNOVATIONS FOR DEFENCE EXCELLENCE SCHEME,https://pib.gov.in/PressReleasePage.aspx?PRID=1897951
MMRFIC Technology Pvt Ltd,iDEX,2023-02-10,1,INNOVATIONS FOR DEFENCE EXCELLENCE SCHEME,https://pib.gov.in/PressReleasePage.aspx?PRID=1897951
Mylab Discovery Solutions Pvt Ltd,BIRAC,2020-04-20,1,DBT-BIRAC Call on COVID-19 Research Consortium,https://pib.gov.in/PressReleasePage.aspx?PRID=1616289
NavyugInfosolutionsPvt Ltd,iDEX,2023-02-10,1,INNOVATIONS FOR DEFENCE EXCELLENCE SCHEME,https://pib.gov.in/PressReleasePage.aspx?PRID=1897951
NewSpace Research & Technologies Pvt Ltd,iDEX,2023-02-10,1,INNOVATIONS FOR DEFENCE EXCELLENCE SCHEME,https://pib.gov.in/PressReleasePage.aspx?PRID=1897951
NIRAMAI Health AnalytixPvt. Ltd,BIRAC,2022-01-12,1,DBT-BIRAC supported start-ups InnAccel and NIRAMAI have received World Bank Group and the Consumer Technology Association's Global Women's HealthTech Awards,https://pib.gov.in/PressReleasePage.aspx?PRID=1789344
NoPo Nanotechnologies Pvt Ltd,iDEX,2023-02-10,1,INNOVATIONS FOR DEFENCE EXCELLENCE SCHEME,https://pib.gov.in/PressReleasePage.aspx?PRID=1897951
North Street Cooling Towers Pvt Ltd,iDEX,2023-02-10,1,INNOVATIONS FOR DEFENCE EXCELLENCE SCHEME,https://pib.gov.in/PressReleasePage.aspx?PRID=1897951
Nyokas Technologies Pvt Ltd,iDEX,2023-02-10,1,INNOVATIONS FOR DEFENCE EXCELLENCE SCHEME,https://pib.gov.in/PressReleasePage.aspx?PRID=1897951
Okulo Aerospace Pvt Ltd,iDEX,2023-02-10,1,INNOVATIONS FOR DEFENCE EXCELLENCE SCHEME,https://pib.gov.in/PressReleasePage.aspx?PRID=1897951
OncoSeek Bio Pvt Ltd,BIRAC,2020-04-20,1,DBT-BIRAC Call on COVID-19 Research Consortium,https://pib.gov.in/PressReleasePage.aspx?PRID=1616289
Optimized ElectrotechPvt Ltd,iDEX,2023-02-10,1,INNOVATIONS FOR DEFENCE EXCELLENCE SCHEME,https://pib.gov.in/PressReleasePage.aspx?PRID=1897951
OssusBiorenewablesPvt Ltd,iDEX,2023-02-10,1,INNOVATIONS FOR DEFENCE EXCELLENCE SCHEME,https://pib.gov.in/PressReleasePage.aspx?PRID=1897951
Pacify Medical Technologies Pvt Ltd,iDEX,2022-07-26,2,‘Aatmanirbhar Bharat’: iDEX-DIO signs 100th contract for defence innovation || INNOVATIONS FOR DEFENCE EXCELLENCE SCHEME,https://pib.gov.in/PressReleasePage.aspx?PRID=1844959 || https://pib.gov.in/PressReleasePage.aspx?PRID=1897951
Parachute Technologies Pvt Ltd,iDEX,2023-02-10,1,INNOVATIONS FOR DEFENCE EXCELLENCE SCHEME,https://pib.gov.in/PressReleasePage.aspx?PRID=1897951
Parallax Labs LLP,iDEX,2023-02-10,1,INNOVATIONS FOR DEFENCE EXCELLENCE SCHEME,https://pib.gov.in/PressReleasePage.aspx?PRID=1897951
Pareto Tree Pvt Ltd,iDEX,2023-02-10,1,INNOVATIONS FOR DEFENCE EXCELLENCE SCHEME,https://pib.gov.in/PressReleasePage.aspx?PRID=1897951
Planys Technologies Pvt Ltd,iDEX,2023-02-10,1,INNOVATIONS FOR DEFENCE EXCELLENCE SCHEME,https://pib.gov.in/PressReleasePage.aspx?PRID=1897951
Pushkala Technologies Pvt Ltd,iDEX,2023-02-10,1,INNOVATIONS FOR DEFENCE EXCELLENCE SCHEME,https://pib.gov.in/PressReleasePage.aspx?PRID=1897951
Puzzles Technologies India Pvt Ltd,iDEX,2023-02-10,1,INNOVATIONS FOR DEFENCE EXCELLENCE SCHEME,https://pib.gov.in/PressReleasePage.aspx?PRID=1897951
QED Analyticals LLP,iDEX,2023-02-10,1,INNOVATIONS FOR DEFENCE EXCELLENCE SCHEME,https://pib.gov.in/PressReleasePage.aspx?PRID=1897951
QNU Labs Pvt Ltd,iDEX,2023-02-10,1,INNOVATIONS FOR DEFENCE EXCELLENCE SCHEME,https://pib.gov.in/PressReleasePage.aspx?PRID=1897951
Radome Technologies and Services Pvt Ltd,iDEX,2023-02-10,1,INNOVATIONS FOR DEFENCE EXCELLENCE SCHEME,https://pib.gov.in/PressReleasePage.aspx?PRID=1897951
RangeAero Private Limited,iDEX,2023-02-10,1,INNOVATIONS FOR DEFENCE EXCELLENCE SCHEME,https://pib.gov.in/PressReleasePage.aspx?PRID=1897951
Redleaf Technologies Pvt Ltd,iDEX,2023-02-10,1,INNOVATIONS FOR DEFENCE EXCELLENCE SCHEME,https://pib.gov.in/PressReleasePage.aspx?PRID=1897951
ResonatingMindzPvt Ltd,iDEX,2023-02-10,1,INNOVATIONS FOR DEFENCE EXCELLENCE SCHEME,https://pib.gov.in/PressReleasePage.aspx?PRID=1897951
RKN Designs and Solutions Pvt Ltd,iDEX,2023-02-10,1,INNOVATIONS FOR DEFENCE EXCELLENCE SCHEME,https://pib.gov.in/PressReleasePage.aspx?PRID=1897951
Robosys Automation and Robotics Pvt Ltd,iDEX,2023-02-10,1,INNOVATIONS FOR DEFENCE EXCELLENCE SCHEME,https://pib.gov.in/PressReleasePage.aspx?PRID=1897951
SagarDefence Engineering Pvt Ltd,iDEX,2023-02-10,1,INNOVATIONS FOR DEFENCE EXCELLENCE SCHEME,https://pib.gov.in/PressReleasePage.aspx?PRID=1897951
Saif Automations Services LLP,iDEX,2022-02-28,2,Invest4iDEX and Manthan 2022 to be key highlights in upcoming Defence Expo 2022 || INNOVATIONS FOR DEFENCE EXCELLENCE SCHEME,https://pib.gov.in/PressReleasePage.aspx?PRID=1801829 || https://pib.gov.in/PressReleasePage.aspx?PRID=1897951
SairaIoT Solutions Pvt Ltd,iDEX,2023-02-10,1,INNOVATIONS FOR DEFENCE EXCELLENCE SCHEME,https://pib.gov.in/PressReleasePage.aspx?PRID=1897951
SCI-COM Software India Pvt Ltd,iDEX,2023-02-10,1,INNOVATIONS FOR DEFENCE EXCELLENCE SCHEME,https://pib.gov.in/PressReleasePage.aspx?PRID=1897951
Seaconvoy Systems Engineering Pvt Ltd,iDEX,2023-02-10,1,INNOVATIONS FOR DEFENCE EXCELLENCE SCHEME,https://pib.gov.in/PressReleasePage.aspx?PRID=1897951
Seagrass Tech Private Limited,BIRAC,2026-02-11,1,"PARLIAMENT QUESTION: DBT GRANTS UNDER BIRAC, BIONEST AND BIOTECH HUBS",https://pib.gov.in/PressReleasePage.aspx?PRID=2226279
Securweave Research Labs Pvt Ltd,iDEX,2023-02-10,1,INNOVATIONS FOR DEFENCE EXCELLENCE SCHEME,https://pib.gov.in/PressReleasePage.aspx?PRID=1897951
Sekkei Bio Pvt. Ltd,BIRAC,2025-05-16,1,Department of Biotechnology along with BIRAC Hosts the 14thWebinar in its Webinar Series on Biomanufacturing and Biofoundry Initiative on the Theme “Biomanufacturing for mRNA Therapeutics”,https://pib.gov.in/PressReleasePage.aspx?PRID=2129173
Siliconia Technologies Pvt Ltd,iDEX,2023-05-15,1,"iDEX-DIO signs 250th contract, first under Mission DefSpace & 100th SPRINT (Navy) contract in New Delhi",https://pib.gov.in/PressReleasePage.aspx?PRID=1924179
SilverstreakTechscapePvt Ltd,iDEX,2023-02-10,1,INNOVATIONS FOR DEFENCE EXCELLENCE SCHEME,https://pib.gov.in/PressReleasePage.aspx?PRID=1897951
Skylark Labs India Pvt Ltd,iDEX,2023-02-10,1,INNOVATIONS FOR DEFENCE EXCELLENCE SCHEME,https://pib.gov.in/PressReleasePage.aspx?PRID=1897951
SpacePixxel Technologies Pvt Ltd,iDEX,2024-06-25,1,Landmark 350th iDEX contract inked; MoD to collaborate with SpacePixxel Technologies Pvt Ltd for design & development of miniaturised satellite capable of carrying multiple payloads up to 150 kgs for Indian Air Force,https://pib.gov.in/PressReleasePage.aspx?PRID=2028447
Spheruler Solutions Pvt Ltd,iDEX,2023-02-10,1,INNOVATIONS FOR DEFENCE EXCELLENCE SCHEME,https://pib.gov.in/PressReleasePage.aspx?PRID=1897951
Starbru Techsystems Pvt Ltd,iDEX,2023-02-10,1,INNOVATIONS FOR DEFENCE EXCELLENCE SCHEME,https://pib.gov.in/PressReleasePage.aspx?PRID=1897951
Stasis Health Pvt Ltd,BIRAC,2020-05-10,1,"DBT-BIRAC COVID-19 Research Consortium Recommends 70 Proposals for funding in Vaccines, Diagnostics , Therapeutics and other Technologies",https://pib.gov.in/PressReleasePage.aspx?PRID=1622757
SunluxTechnovationPvt Ltd,iDEX,2023-02-10,1,INNOVATIONS FOR DEFENCE EXCELLENCE SCHEME,https://pib.gov.in/PressReleasePage.aspx?PRID=1897951
Suryudey Plastic Electronics Pvt Ltd,iDEX,2023-02-10,1,INNOVATIONS FOR DEFENCE EXCELLENCE SCHEME,https://pib.gov.in/PressReleasePage.aspx?PRID=1897951
Swadeshi EmpresaPvt Ltd,iDEX,2023-02-10,1,INNOVATIONS FOR DEFENCE EXCELLENCE SCHEME,https://pib.gov.in/PressReleasePage.aspx?PRID=1897951
Syncthreads Computing LLP,iDEX,2023-02-10,1,INNOVATIONS FOR DEFENCE EXCELLENCE SCHEME,https://pib.gov.in/PressReleasePage.aspx?PRID=1897951
Tardid Technologies Pvt Ltd,iDEX,2023-02-10,1,INNOVATIONS FOR DEFENCE EXCELLENCE SCHEME,https://pib.gov.in/PressReleasePage.aspx?PRID=1897951
Tatvabodh Technology Pvt Ltd,iDEX,2023-02-10,1,INNOVATIONS FOR DEFENCE EXCELLENCE SCHEME,https://pib.gov.in/PressReleasePage.aspx?PRID=1897951
Theragen Biologics Private Limited,BIRAC,2026-02-11,1,"PARLIAMENT QUESTION: DBT GRANTS UNDER BIRAC, BIONEST AND BIOTECH HUBS",https://pib.gov.in/PressReleasePage.aspx?PRID=2226279
Theta Controls Pvt Ltd,iDEX,2023-02-10,1,INNOVATIONS FOR DEFENCE EXCELLENCE SCHEME,https://pib.gov.in/PressReleasePage.aspx?PRID=1897951
Threye Interactive Pvt Ltd,iDEX,2023-02-10,1,INNOVATIONS FOR DEFENCE EXCELLENCE SCHEME,https://pib.gov.in/PressReleasePage.aspx?PRID=1897951
Tonbo Imaging India Pvt Ltd,iDEX,2023-02-10,1,INNOVATIONS FOR DEFENCE EXCELLENCE SCHEME,https://pib.gov.in/PressReleasePage.aspx?PRID=1897951
Torqon Power Drives Pvt Ltd,iDEX,2023-02-10,1,INNOVATIONS FOR DEFENCE EXCELLENCE SCHEME,https://pib.gov.in/PressReleasePage.aspx?PRID=1897951
Track IT Tech Systems Pvt Ltd,iDEX,2023-02-10,1,INNOVATIONS FOR DEFENCE EXCELLENCE SCHEME,https://pib.gov.in/PressReleasePage.aspx?PRID=1897951
Tresa Energy Pvt Ltd,iDEX,2023-02-10,1,INNOVATIONS FOR DEFENCE EXCELLENCE SCHEME,https://pib.gov.in/PressReleasePage.aspx?PRID=1897951
TryCAE Industrial Engineering Pvt Ltd,iDEX,2023-02-10,1,INNOVATIONS FOR DEFENCE EXCELLENCE SCHEME,https://pib.gov.in/PressReleasePage.aspx?PRID=1897951
TSC Technologies Pvt Ltd,iDEX,2023-02-10,1,INNOVATIONS FOR DEFENCE EXCELLENCE SCHEME,https://pib.gov.in/PressReleasePage.aspx?PRID=1897951
Ubio Biotechnology Systems Pvt Ltd,BIRAC,2020-04-20,1,DBT-BIRAC Call on COVID-19 Research Consortium,https://pib.gov.in/PressReleasePage.aspx?PRID=1616289
Varuni Systems Pvt Ltd,iDEX,2023-02-10,1,INNOVATIONS FOR DEFENCE EXCELLENCE SCHEME,https://pib.gov.in/PressReleasePage.aspx?PRID=1897951
Vashundharaa Geo Technologies Pvt Ltd,iDEX,2023-02-10,1,INNOVATIONS FOR DEFENCE EXCELLENCE SCHEME,https://pib.gov.in/PressReleasePage.aspx?PRID=1897951
Vayu BhuvanPvt Ltd,iDEX,2023-02-10,1,INNOVATIONS FOR DEFENCE EXCELLENCE SCHEME,https://pib.gov.in/PressReleasePage.aspx?PRID=1897951
Verdatum AI Pvt Ltd,iDEX,2023-02-10,1,INNOVATIONS FOR DEFENCE EXCELLENCE SCHEME,https://pib.gov.in/PressReleasePage.aspx?PRID=1897951
Vikra Ocean Tech Pvt Ltd,iDEX,2023-02-10,1,INNOVATIONS FOR DEFENCE EXCELLENCE SCHEME,https://pib.gov.in/PressReleasePage.aspx?PRID=1897951
VIMAL FIRE CONTROLS Pvt Ltd,iDEX,2023-02-10,1,INNOVATIONS FOR DEFENCE EXCELLENCE SCHEME,https://pib.gov.in/PressReleasePage.aspx?PRID=1897951
Virchow Biotech Pvt Ltd,BIRAC,2020-04-20,1,DBT-BIRAC Call on COVID-19 Research Consortium,https://pib.gov.in/PressReleasePage.aspx?PRID=1616289
Yaathum Biotech Pvt Ltd,BIRAC,2020-04-20,1,DBT-BIRAC Call on COVID-19 Research Consortium,https://pib.gov.in/PressReleasePage.aspx?PRID=1616289
Zebu Intelligent Systems Pvt Ltd,iDEX,2023-02-10,1,INNOVATIONS FOR DEFENCE EXCELLENCE SCHEME,https://pib.gov.in/PressReleasePage.aspx?PRID=1897951
Zeekers Employment Pvt Ltd,iDEX,2023-02-10,1,INNOVATIONS FOR DEFENCE EXCELLENCE SCHEME,https://pib.gov.in/PressReleasePage.aspx?PRID=1897951
Zeus NumerixPvt Ltd,iDEX,2023-02-10,1,INNOVATIONS FOR DEFENCE EXCELLENCE SCHEME,https://pib.gov.in/PressReleasePage.aspx?PRID=1897951
ZMotion Autonomous Systems Pvt Ltd,iDEX,2023-02-10,1,INNOVATIONS FOR DEFENCE EXCELLENCE SCHEME,https://pib.gov.in/PressReleasePage.aspx?PRID=1897951
